batch_size,lattice_n,iteration,time_mcmc_s,time_phi_s,time_energy_s,time_grad_s,time_opt_s,ram_start_MB,ram_end_MB,gpu_mem_MB,gpu_util_%,energy_J_per_sample
32,3,1,0.07340145111083984,10.355234146118164,8.531880140304565,13.39519214630127,1.2750451564788818,1565.396992,1565.396992,322.0,0.0,0.5564385579004884
32,3,2,0.07474637031555176,0.08702325820922852,0.4702615737915039,0.008337974548339844,0.21182703971862793,2023.006208,2023.006208,322.0,8.0,0.0307482489446799
32,3,3,0.07335829734802246,0.08188891410827637,0.4635739326477051,0.008185386657714844,0.21332550048828125,2029.69088,2029.69088,322.0,7.0,0.03027234358092149
32,3,4,0.07389163970947266,0.08148479461669922,0.488971471786499,0.008123397827148438,0.21380853652954102,2032.050176,2032.050176,322.0,3.0,0.03204291176050901
32,3,5,0.07401323318481445,0.08108401298522949,0.4981651306152344,0.008128166198730469,0.2144176959991455,2033.229824,2033.229824,322.0,3.0,0.032676519036293025
32,3,6,0.07394146919250488,0.08193111419677734,0.46871018409729004,0.007717609405517578,0.2125844955444336,2034.016256,2034.016256,322.0,3.0,0.030720046649376553
32,3,7,0.07336068153381348,0.08125972747802734,0.4958477020263672,0.008214235305786133,0.21247649192810059,2035.195904,2035.195904,322.0,3.0,0.032545170525709786
32,3,8,0.0733952522277832,0.08161354064941406,0.48897814750671387,0.007960319519042969,0.21244430541992188,2036.375552,2036.375552,322.0,7.0,0.03205862979590893
32,3,9,0.07335543632507324,0.08162784576416016,0.48099231719970703,0.008133411407470703,0.22044062614440918,2036.768768,2036.768768,322.0,7.0,0.0315300484597683
32,3,10,0.07366681098937988,0.08188462257385254,0.476973295211792,0.007908821105957031,0.2142014503479004,2037.5552,2037.5552,322.0,8.0,0.031251687780022616
32,3,11,0.07334399223327637,0.08136749267578125,0.47591328620910645,0.0079193115234375,0.21169257164001465,2037.948416,2037.948416,322.0,8.0,0.03123676683753729
32,3,12,0.0740671157836914,0.08169984817504883,0.46154069900512695,0.007979393005371094,0.2138671875,2038.341632,2038.341632,322.0,3.0,0.03032707009712855
32,3,13,0.07400774955749512,0.08139944076538086,0.4615442752838135,0.00793147087097168,0.21397709846496582,2039.128064,2039.128064,322.0,3.0,0.030284035312632723
32,3,14,0.07409214973449707,0.08104562759399414,0.4651520252227783,0.007603168487548828,0.2126922607421875,2039.914496,2039.914496,322.0,5.0,0.03047714831928412
32,3,15,0.07402157783508301,0.08106827735900879,0.46178317070007324,0.007923126220703125,0.21401429176330566,2040.307712,2040.307712,322.0,7.0,0.030256418163577714
32,3,16,0.07412004470825195,0.08132290840148926,0.47008824348449707,0.007783651351928711,0.2123112678527832,2040.307712,2040.307712,322.0,8.0,0.030829953968524934
32,3,17,0.07404422760009766,0.08138632774353027,0.48688292503356934,0.007965803146362305,0.21448516845703125,2040.700928,2040.700928,322.0,7.0,0.03197705044100682
32,3,18,0.07337141036987305,0.08075308799743652,0.48895931243896484,0.0076639652252197266,0.21541094779968262,2041.094144,2041.094144,322.0,3.0,0.03209814153114955
32,3,19,0.07521748542785645,0.08180117607116699,0.4840095043182373,0.008216619491577148,0.21271038055419922,2041.48736,2041.48736,322.0,3.0,0.031753040189544356
32,3,20,0.07333612442016602,0.08123207092285156,0.48572516441345215,0.007975578308105469,0.2139415740966797,2041.880576,2041.880576,322.0,3.0,0.031895952463150024
32,3,21,0.07396841049194336,0.08182644844055176,0.48850584030151367,0.00800633430480957,0.21263694763183594,2042.273792,2042.273792,322.0,3.0,0.0319666009247303
32,3,22,0.07403445243835449,0.0816812515258789,0.4949371814727783,0.007809877395629883,0.21405911445617676,2042.667008,2042.667008,322.0,7.0,0.032454474555949374
32,3,23,0.07403373718261719,0.08105707168579102,0.4961283206939697,0.007987737655639648,0.21265316009521484,2043.45344,2043.45344,322.0,7.0,0.03260493307560682
32,3,24,0.07333564758300781,0.08115839958190918,0.48629140853881836,0.007744789123535156,0.21422052383422852,2043.846656,2043.846656,322.0,8.0,0.03191793922086557
32,3,25,0.07398843765258789,0.08103394508361816,0.47535133361816406,0.008127212524414062,0.21221470832824707,2044.239872,2044.239872,322.0,7.0,0.031274156490961706
32,3,26,0.0733957290649414,0.08167910575866699,0.4656670093536377,0.007525205612182617,0.2142174243927002,2045.026304,2045.026304,322.0,3.0,0.030593352374931177
32,3,27,0.07397007942199707,0.08121085166931152,0.4810526371002197,0.00771331787109375,0.2142503261566162,2045.026304,2045.026304,322.0,3.0,0.031574090274671715
32,3,28,0.07535934448242188,0.08299374580383301,0.4831972122192383,0.0080413818359375,0.21389198303222656,2045.41952,2045.41952,322.0,3.0,0.03175511679053307
32,3,29,0.07338190078735352,0.08105826377868652,0.4823756217956543,0.007814645767211914,0.21229219436645508,2045.812736,2045.812736,322.0,3.0,0.0316056527197361
32,3,30,0.07389259338378906,0.08089590072631836,0.4908878803253174,0.00778508186340332,0.21397638320922852,2045.812736,2045.812736,322.0,7.0,0.032107135422527786
64,3,1,0.07300972938537598,6.508647680282593,6.560448408126831,11.881145477294922,0.450653076171875,2135.932928,2135.932928,330.0,1.0,0.215333051395913
64,3,2,0.07499146461486816,0.1585681438446045,0.5587301254272461,0.008808374404907227,0.21356463432312012,2574.483456,2574.483456,330.0,5.0,0.018365342820684118
64,3,3,0.07325005531311035,0.15809321403503418,0.5646107196807861,0.00808572769165039,0.21396398544311523,2578.0224,2578.0224,330.0,7.0,0.018602746941149235
64,3,4,0.07380509376525879,0.15859341621398926,0.5467393398284912,0.008061885833740234,0.2121717929840088,2579.595264,2579.595264,330.0,9.0,0.0179683605954051
64,3,5,0.07389354705810547,0.1600346565246582,0.5342299938201904,0.008114099502563477,0.21418976783752441,2580.381696,2580.381696,330.0,9.0,0.01754889880741636
64,3,6,0.07387161254882812,0.15850329399108887,0.5424060821533203,0.007997512817382812,0.21186399459838867,2580.381696,2580.381696,330.0,9.0,0.01785137517253558
64,3,7,0.07384514808654785,0.15706205368041992,0.5723562240600586,0.008026599884033203,0.21412301063537598,2580.774912,2580.774912,330.0,11.0,0.018828134953975676
64,3,8,0.07389378547668457,0.16214203834533691,0.559927225112915,0.008819103240966797,0.21454620361328125,2581.168128,2581.168128,330.0,13.0,0.018390109799802306
64,3,9,0.0738368034362793,0.15787935256958008,0.5650746822357178,0.008295536041259766,0.21213459968566895,2581.561344,2581.561344,330.0,14.0,0.01857388708119591
64,3,10,0.0732109546661377,0.1587209701538086,0.5578436851501465,0.008334636688232422,0.21337080001831055,2582.347776,2582.347776,330.0,14.0,0.018327489405870437
64,3,11,0.07375979423522949,0.15864992141723633,0.5627832412719727,0.007884979248046875,0.21225214004516602,2582.740992,2582.740992,330.0,13.0,0.018466325104236604
64,3,12,0.07332038879394531,0.1581103801727295,0.5721170902252197,0.008471488952636719,0.2143857479095459,2583.134208,2583.134208,330.0,13.0,0.01880238978813092
64,3,13,0.07373666763305664,0.15846562385559082,0.5595870018005371,0.0088348388671875,0.2122058868408203,2583.92064,2583.92064,330.0,2.0,0.01839350816855828
64,3,14,0.07317256927490234,0.15697026252746582,0.570429801940918,0.007714748382568359,0.21223974227905273,2585.100288,2585.100288,330.0,4.0,0.0187499087502559
64,3,15,0.0732121467590332,0.15775513648986816,0.5634555816650391,0.00786280632019043,0.21224379539489746,2585.100288,2585.100288,330.0,5.0,0.018541210234165193
64,3,16,0.07327699661254883,0.15777015686035156,0.5623812675476074,0.007755279541015625,0.2129347324371338,2585.100288,2585.100288,330.0,5.0,0.018479496963322167
64,3,17,0.07367157936096191,0.15796542167663574,0.5514509677886963,0.007894039154052734,0.2120532989501953,2585.100288,2585.100288,330.0,5.0,0.01810884558285276
64,3,18,0.0733637809753418,0.15869879722595215,0.5407536029815674,0.00785517692565918,0.2122325897216797,2585.493504,2585.493504,330.0,5.0,0.017782907548050085
64,3,19,0.07336139678955078,0.1594069004058838,0.5559923648834229,0.008243799209594727,0.21231532096862793,2585.493504,2585.493504,330.0,5.0,0.018281144789109628
64,3,20,0.0732731819152832,0.15877413749694824,0.5442380905151367,0.008035421371459961,0.21233892440795898,2586.279936,2586.279936,330.0,5.0,0.01789466179907322
64,3,21,0.07352828979492188,0.15704870223999023,0.540888786315918,0.007975101470947266,0.21323370933532715,2587.459584,2587.459584,330.0,5.0,0.0177845359792312
64,3,22,0.07367062568664551,0.1582334041595459,0.5531888008117676,0.007894754409790039,0.21256327629089355,2587.8528,2587.8528,330.0,5.0,0.018200487785041335
64,3,23,0.07513594627380371,0.15922904014587402,0.5572500228881836,0.008606910705566406,0.21303391456604004,2588.246016,2588.246016,330.0,5.0,0.018328301534056665
64,3,24,0.07377743721008301,0.15920686721801758,0.5426127910614014,0.007892370223999023,0.21341991424560547,2588.246016,2588.246016,330.0,5.0,0.017832743289570015
64,3,25,0.07369279861450195,0.1586911678314209,0.5634622573852539,0.007994890213012695,0.21303033828735352,2588.246016,2588.246016,330.0,5.0,0.018515017613768576
64,3,26,0.07366800308227539,0.1576995849609375,0.5613338947296143,0.007767915725708008,0.2119607925415039,2588.639232,2588.639232,330.0,5.0,0.01848893515765667
64,3,27,0.07337236404418945,0.1586451530456543,0.5557959079742432,0.007864952087402344,0.21331286430358887,2589.032448,2589.032448,330.0,5.0,0.018289159096777436
64,3,28,0.07373738288879395,0.1575016975402832,0.5677244663238525,0.007930755615234375,0.2131364345550537,2589.032448,2589.032448,330.0,5.0,0.018658028033872447
64,3,29,0.07377481460571289,0.1591501235961914,0.5443968772888184,0.007942438125610352,0.21315217018127441,2589.425664,2589.425664,330.0,8.0,0.017902718141674996
64,3,30,0.0737447738647461,0.15781068801879883,0.5377452373504639,0.007978677749633789,0.21354293823242188,2589.425664,2589.425664,330.0,8.0,0.017681175434341036
128,3,1,0.07383060455322266,6.691828012466431,6.754087448120117,13.813585996627808,0.44828128814697266,2637.156352,2637.156352,460.0,0.0,0.11362345029910405
128,3,2,0.07485342025756836,0.31896352767944336,0.7008211612701416,0.009529590606689453,0.21343612670898438,3071.512576,3071.512576,460.0,9.0,0.011762480167672038
128,3,3,0.07356834411621094,0.3170900344848633,0.7081680297851562,0.008657455444335938,0.21232271194458008,3075.05152,3075.05152,460.0,10.0,0.011716123680273692
128,3,4,0.07863473892211914,0.316650390625,0.6973996162414551,0.0093231201171875,0.21451902389526367,3076.624384,3076.624384,460.0,4.0,0.011443528598795334
128,3,5,0.07406210899353027,0.3104989528656006,0.6940968036651611,0.008869409561157227,0.21324563026428223,3077.410816,3077.410816,460.0,9.0,0.01155381971100966
128,3,6,0.07357358932495117,0.3117256164550781,0.6905579566955566,0.008575201034545898,0.21188783645629883,3078.197248,3078.197248,460.0,14.0,0.011593820694833994
128,3,7,0.07392120361328125,0.31275129318237305,0.7026417255401611,0.008407115936279297,0.2119452953338623,3079.770112,3079.770112,460.0,5.0,0.011811334214483698
128,3,8,0.07353687286376953,0.31406426429748535,0.7084815502166748,0.008218526840209961,0.2122175693511963,3079.770112,3079.770112,460.0,9.0,0.011903966046869753
128,3,9,0.07355117797851562,0.3132290840148926,0.7063429355621338,0.008313417434692383,0.21200084686279297,3079.770112,3079.770112,460.0,20.0,0.011873551169410348
128,3,10,0.07403111457824707,0.3143134117126465,0.7146623134613037,0.008593082427978516,0.2133030891418457,3080.556544,3080.556544,460.0,9.0,0.012018982344617447
128,3,11,0.07349157333374023,0.3145749568939209,0.7005195617675781,0.008097171783447266,0.21323513984680176,3081.342976,3081.342976,460.0,10.0,0.011777485132217408
128,3,12,0.07353711128234863,0.31586170196533203,0.6987106800079346,0.00861978530883789,0.21388697624206543,3081.736192,3081.736192,460.0,4.0,0.01171796036263307
128,3,13,0.0736687183380127,0.3171813488006592,0.6993465423583984,0.00828242301940918,0.21217989921569824,3082.129408,3082.129408,460.0,9.0,0.011746836453676223
128,3,14,0.07385540008544922,0.31414318084716797,0.698615550994873,0.008237123489379883,0.21219372749328613,3082.129408,3082.129408,460.0,19.0,0.011729100149124861
128,3,15,0.07398223876953125,0.31397151947021484,0.707834005355835,0.008666038513183594,0.21331143379211426,3082.522624,3082.522624,460.0,10.0,0.01150783254019916
128,3,16,0.07389616966247559,0.3166170120239258,0.7100613117218018,0.008364200592041016,0.2122941017150879,3083.702272,3083.702272,460.0,10.0,0.011693822227418422
128,3,17,0.07355880737304688,0.31667256355285645,0.7236065864562988,0.01013803482055664,0.21309947967529297,3083.702272,3083.702272,460.0,4.0,0.011898052049179873
128,3,18,0.07344293594360352,0.31773829460144043,0.7218084335327148,0.008686065673828125,0.21209216117858887,3084.488704,3084.488704,460.0,9.0,0.012114727484683197
128,3,19,0.07348918914794922,0.31543612480163574,0.6899213790893555,0.008131265640258789,0.21221303939819336,3085.275136,3085.275136,460.0,18.0,0.011507673002779484
128,3,20,0.0735311508178711,0.31156420707702637,0.6898002624511719,0.008531808853149414,0.21337342262268066,3085.275136,3085.275136,460.0,8.0,0.011484096556901932
128,3,21,0.074005126953125,0.31160664558410645,0.6928691864013672,0.00915670394897461,0.2125253677368164,3085.668352,3085.668352,460.0,9.0,0.011634428421656292
128,3,22,0.0734555721282959,0.3145287036895752,0.6888628005981445,0.008173465728759766,0.21339774131774902,3086.061568,3086.061568,460.0,20.0,0.011574330180883408
128,3,23,0.07387280464172363,0.31600141525268555,0.7114498615264893,0.008602619171142578,0.21211504936218262,3086.454784,3086.454784,460.0,9.0,0.011622200472280382
128,3,24,0.07350754737854004,0.3118174076080322,0.7111151218414307,0.008677005767822266,0.2121293544769287,3086.848,3086.848,460.0,9.0,0.011796362828463315
128,3,25,0.07363724708557129,0.3195207118988037,0.7120206356048584,0.008899450302124023,0.21305537223815918,3087.634432,3087.634432,460.0,3.0,0.01175946580991149
128,3,26,0.07364869117736816,0.3172450065612793,0.7246413230895996,0.008542060852050781,0.21236944198608398,3087.634432,3087.634432,460.0,10.0,0.01191884009540081
128,3,27,0.07395267486572266,0.3168175220489502,0.7102797031402588,0.008727788925170898,0.21303868293762207,3087.634432,3087.634432,460.0,18.0,0.011708516981452703
128,3,28,0.07388997077941895,0.3116495609283447,0.6850144863128662,0.008244752883911133,0.2120954990386963,3087.634432,3087.634432,460.0,8.0,0.011390149726842842
128,3,29,0.07393336296081543,0.3163943290710449,0.804375410079956,0.0084991455078125,0.21642231941223145,3088.027648,3088.027648,460.0,0.0,0.013393688468883435
128,3,30,0.07456731796264648,0.3129711151123047,0.8220024108886719,0.008418560028076172,0.21230530738830566,3088.420864,3088.420864,460.0,9.0,0.013792087326447171
256,3,1,0.07399415969848633,6.92542028427124,6.978163957595825,14.497821569442749,0.46013331413269043,3137.3312,3137.3312,462.0,1.0,0.05890551684517413
256,3,2,0.07379961013793945,0.6125719547271729,0.968677282333374,0.010007381439208984,0.2124626636505127,3502.772224,3503.16544,462.0,11.0,0.00820853092893958
256,3,3,0.07387995719909668,0.6150996685028076,0.984403133392334,0.009406566619873047,0.21259737014770508,3505.917952,3505.917952,462.0,11.0,0.008294365463778377
256,3,4,0.07385659217834473,0.610358476638794,0.9821765422821045,0.009537935256958008,0.21275854110717773,3508.277248,3508.277248,462.0,10.0,0.0083075765868028
256,3,5,0.07398319244384766,0.6114892959594727,0.9955790042877197,0.010170459747314453,0.21318793296813965,3509.850112,3509.850112,462.0,10.0,0.008392419887706637
256,3,6,0.07397794723510742,0.6113600730895996,0.977017879486084,0.010161161422729492,0.21267008781433105,3511.02976,3511.02976,462.0,8.0,0.008330095149576664
256,3,7,0.07388925552368164,0.6333487033843994,0.9988079071044922,0.010432004928588867,0.2147688865661621,3511.816192,3511.816192,462.0,9.0,0.008406633218129476
256,3,8,0.07401514053344727,0.6105701923370361,0.9784696102142334,0.009531021118164062,0.2134699821472168,3512.602624,3512.602624,462.0,10.0,0.008263481630012393
256,3,9,0.0744328498840332,0.6112303733825684,0.9754304885864258,0.00966787338256836,0.21490740776062012,3513.389056,3513.389056,462.0,10.0,0.008226384472101927
256,3,10,0.0755605697631836,0.6048460006713867,0.9740338325500488,0.009452581405639648,0.21291589736938477,3514.568704,3514.568704,462.0,8.0,0.00834143296442926
256,3,11,0.07378077507019043,0.6070225238800049,0.9790408611297607,0.011002779006958008,0.21545147895812988,3514.96192,3514.96192,462.0,7.0,0.008310374184511601
256,3,12,0.07461237907409668,0.613961935043335,0.9721875190734863,0.010992288589477539,0.21452999114990234,3514.96192,3515.355136,462.0,6.0,0.008215490883837145
256,3,13,0.07390832901000977,0.6101617813110352,0.9733362197875977,0.00910496711730957,0.21326899528503418,3515.355136,3515.355136,462.0,5.0,0.008230267462631067
256,3,14,0.0738520622253418,0.6184418201446533,0.9714987277984619,0.009085655212402344,0.21334624290466309,3515.355136,3515.355136,462.0,4.0,0.008212200183421373
256,3,15,0.07384681701660156,0.6085555553436279,0.976797342300415,0.009911060333251953,0.21369338035583496,3515.748352,3515.748352,462.0,17.0,0.00825826190567265
256,3,16,0.07402467727661133,0.6112074851989746,0.9773471355438232,0.009489297866821289,0.21297168731689453,3516.141568,3516.141568,462.0,17.0,0.008433436806313694
256,3,17,0.07384562492370605,0.6123487949371338,0.9803540706634521,0.009109020233154297,0.21343493461608887,3516.928,3516.928,462.0,16.0,0.008289608508969346
256,3,18,0.07393217086791992,0.6091823577880859,0.972193717956543,0.009529590606689453,0.21482300758361816,3516.928,3516.928,462.0,16.0,0.00823706318065524
256,3,19,0.07497406005859375,0.6078908443450928,0.9697866439819336,0.009414434432983398,0.2133009433746338,3517.321216,3517.321216,462.0,16.0,0.008195202238857746
256,3,20,0.07394528388977051,0.6127901077270508,0.9722611904144287,0.009708881378173828,0.21552181243896484,3518.107648,3518.107648,462.0,16.0,0.008247762572330734
256,3,21,0.07577395439147949,0.6071476936340332,0.9839699268341064,0.010924100875854492,0.21491694450378418,3518.89408,3518.89408,462.0,16.0,0.008297121414293847
256,3,22,0.07390880584716797,0.6043832302093506,0.9672093391418457,0.009145259857177734,0.21326661109924316,3518.89408,3518.89408,462.0,16.0,0.008271654869119327
256,3,23,0.07406902313232422,0.6219301223754883,0.9776804447174072,0.009501218795776367,0.21324896812438965,3519.287296,3519.287296,462.0,17.0,0.008249178752303124
256,3,24,0.07382965087890625,0.6061854362487793,0.9787354469299316,0.009745121002197266,0.21311736106872559,3519.680512,3519.680512,462.0,16.0,0.0082708242846032
256,3,25,0.07388901710510254,0.6094217300415039,0.981234073638916,0.009018898010253906,0.21305441856384277,3520.466944,3520.466944,462.0,16.0,0.008291938981662195
256,3,26,0.07382750511169434,0.612262487411499,0.9709479808807373,0.009703636169433594,0.21309661865234375,3520.466944,3520.466944,462.0,17.0,0.008178466781663398
256,3,27,0.07397937774658203,0.6014101505279541,0.9797406196594238,0.00931859016418457,0.21293878555297852,3521.253376,3521.253376,462.0,16.0,0.00830100548453629
256,3,28,0.0738668441772461,0.6162600517272949,0.9728147983551025,0.009043455123901367,0.2137284278869629,3522.039808,3522.039808,462.0,15.0,0.008208124861121177
256,3,29,0.07396483421325684,0.6109375953674316,0.9736599922180176,0.009286642074584961,0.217210054397583,3522.82624,3522.82624,462.0,15.0,0.00822793404882153
256,3,30,0.07425594329833984,0.6056528091430664,0.9703242778778076,0.009011507034301758,0.21294832229614258,3522.82624,3522.82624,462.0,14.0,0.00824649291889121
512,3,1,0.08521246910095215,7.527976989746094,7.685310363769531,17.909366130828857,0.45282459259033203,3624.341504,3624.341504,720.0,1.0,0.03277264510591825
512,3,2,0.08538174629211426,1.20123291015625,1.575500726699829,0.012466192245483398,0.21274232864379883,4090.96192,4090.96192,720.0,25.0,0.006689723788760603
512,3,3,0.08520007133483887,1.1826677322387695,1.6122031211853027,0.01103663444519043,0.21277618408203125,4094.500864,4094.500864,720.0,5.0,0.006866557824735841
512,3,4,0.08537530899047852,1.191380500793457,1.5635530948638916,0.011388778686523438,0.21527504920959473,4096.466944,4096.466944,720.0,9.0,0.006671567046704393
512,3,5,0.08607935905456543,1.1834535598754883,1.5996100902557373,0.011018037796020508,0.21385908126831055,4097.253376,4097.253376,720.0,16.0,0.0068608276527374985
512,3,6,0.08505773544311523,1.1858885288238525,1.6019947528839111,0.011324167251586914,0.21594691276550293,4098.433024,4098.433024,720.0,21.0,0.007130753987934441
512,3,7,0.08521413803100586,1.1992838382720947,1.5736839771270752,0.012271881103515625,0.21423935890197754,4098.82624,4098.82624,720.0,25.0,0.006728113722521812
512,3,8,0.08511638641357422,1.1851246356964111,1.6316523551940918,0.012086868286132812,0.21572279930114746,4099.612672,4099.612672,720.0,5.0,0.0069663907196372745
512,3,9,0.08523249626159668,1.2017090320587158,1.5518698692321777,0.010698795318603516,0.21524405479431152,4100.005888,4100.005888,720.0,11.0,0.006676273499925931
512,3,10,0.08803367614746094,1.19728422164917,1.549790859222412,0.011198282241821289,0.21476030349731445,4100.79232,4100.79232,720.0,16.0,0.006695580821484327
512,3,11,0.08503150939941406,1.2028992176055908,1.561969518661499,0.012764692306518555,0.21396541595458984,4101.971968,4101.971968,720.0,21.0,0.006666843856995304
512,3,12,0.08497095108032227,1.2209479808807373,1.5583481788635254,0.012673377990722656,0.2147517204284668,4101.971968,4101.971968,720.0,25.0,0.00663413980572174
512,3,13,0.08541131019592285,1.1834821701049805,1.5612354278564453,0.012103080749511719,0.21364760398864746,4102.365184,4102.365184,720.0,7.0,0.006724696348110834
512,3,14,0.08535885810852051,1.2027945518493652,1.573007345199585,0.011603832244873047,0.2162764072418213,4103.151616,4103.151616,720.0,12.0,0.00679690738938128
512,3,15,0.08649945259094238,1.190661907196045,1.574296236038208,0.011667013168334961,0.21506500244140625,4103.544832,4103.544832,720.0,18.0,0.006729706436085204
512,3,16,0.08494949340820312,1.2083725929260254,1.6426911354064941,0.012128591537475586,0.21288800239562988,4103.938048,4103.938048,720.0,25.0,0.007068063615821302
512,3,17,0.08487200736999512,1.207258939743042,1.638653039932251,0.012647628784179688,0.21518707275390625,4104.331264,4104.331264,720.0,5.0,0.006951473442837596
512,3,18,0.08591318130493164,1.213285207748413,1.6183810234069824,0.016064167022705078,0.21831011772155762,4104.72448,4104.72448,720.0,13.0,0.006917103788194557
512,3,19,0.08656573295593262,1.2224528789520264,1.5767240524291992,0.01123952865600586,0.21492505073547363,4105.510912,4105.510912,720.0,21.0,0.006670281831175089
512,3,20,0.08583259582519531,1.193230390548706,1.6006758213043213,0.013744831085205078,0.21799921989440918,4105.510912,4105.510912,720.0,27.0,0.006848724933341145
512,3,21,0.08680605888366699,1.2350225448608398,1.5665943622589111,0.011633634567260742,0.2136220932006836,4105.904128,4105.904128,720.0,9.0,0.006642727266531437
512,3,22,0.08477044105529785,1.1920380592346191,1.606619119644165,0.011321544647216797,0.21561980247497559,4106.69056,4106.69056,720.0,16.0,0.007130418319410334
512,3,23,0.08587074279785156,1.2231485843658447,1.6183996200561523,0.013760089874267578,0.2174701690673828,4107.083776,4107.083776,720.0,25.0,0.006839213498557607
512,3,24,0.08652281761169434,1.1966438293457031,1.6146645545959473,0.012293815612792969,0.21344327926635742,4107.476992,4107.476992,720.0,5.0,0.0071230254049102475
512,3,25,0.08487319946289062,1.2621128559112549,1.5848257541656494,0.011609792709350586,0.21777749061584473,4107.870208,4107.870208,720.0,12.0,0.0067220962163992235
512,3,26,0.08764767646789551,1.2453181743621826,1.6049017906188965,0.010828495025634766,0.21266746520996094,4108.263424,4108.263424,720.0,22.0,0.0067675448553636665
512,3,27,0.08506441116333008,1.2732441425323486,1.6213784217834473,0.014172554016113281,0.2174665927886963,4108.65664,4108.65664,720.0,4.0,0.00682646761306872
512,3,28,0.08664512634277344,1.2296435832977295,1.5703942775726318,0.012632369995117188,0.21744513511657715,4109.049856,4109.049856,720.0,12.0,0.006730407245612393
512,3,29,0.08613848686218262,1.2251381874084473,1.56559419631958,0.011353492736816406,0.2164292335510254,4109.443072,4109.443072,720.0,18.0,0.006685372613059978
512,3,30,0.08715963363647461,1.2392387390136719,1.6158390045166016,0.014836549758911133,0.2169487476348877,4109.443072,4109.443072,720.0,26.0,0.006851536091417074
32,4,1,0.12971138954162598,9.215892553329468,8.501982927322388,10.203688144683838,0.45928430557250977,4097.503232,4097.503232,720.0,1.0,0.5609537485589584
32,4,2,0.13116097450256348,0.10456061363220215,0.477386474609375,0.012673616409301758,0.21480822563171387,4542.234624,4542.234624,720.0,11.0,0.03145280679066976
32,4,3,0.12950634956359863,0.09917545318603516,0.4599766731262207,0.008728981018066406,0.21326661109924316,4545.773568,4545.773568,720.0,10.0,0.03034887757897377
32,4,4,0.12873077392578125,0.09460163116455078,0.45842576026916504,0.009030818939208984,0.21303439140319824,4547.739648,4547.739648,720.0,8.0,0.030189246421058972
32,4,5,0.13032984733581543,0.09530973434448242,0.4617011547088623,0.008484125137329102,0.21325039863586426,4549.705728,4549.705728,720.0,4.0,0.030380897857248783
32,4,6,0.12885022163391113,0.09359121322631836,0.4649312496185303,0.008398056030273438,0.2129666805267334,4550.49216,4550.49216,720.0,4.0,0.030666090339422226
32,4,7,0.1304001808166504,0.09185457229614258,0.46814513206481934,0.008772611618041992,0.2150733470916748,4550.49216,4550.49216,720.0,4.0,0.030863443133731683
32,4,8,0.13045358657836914,0.09274435043334961,0.46422338485717773,0.008611679077148438,0.2153327465057373,4551.671808,4551.671808,720.0,4.0,0.0306000581185023
32,4,9,0.13048410415649414,0.09675312042236328,0.6857244968414307,0.008875370025634766,0.21498847007751465,4552.45824,4552.45824,720.0,4.0,0.04521495901048183
32,4,10,0.13139057159423828,0.09700989723205566,0.46570825576782227,0.008126974105834961,0.21314549446105957,4553.244672,4553.244672,720.0,10.0,0.03075614939133326
32,4,11,0.12879228591918945,0.09622669219970703,0.4732072353363037,0.008227109909057617,0.21491003036499023,4553.637888,4553.637888,720.0,11.0,0.03120703132202228
32,4,12,0.13037705421447754,0.09908223152160645,0.683509111404419,0.008144140243530273,0.21526813507080078,4553.637888,4553.637888,720.0,4.0,0.045061762146651745
32,4,13,0.13031435012817383,0.09661626815795898,0.6270387172698975,0.009377241134643555,0.2152721881866455,4553.637888,4553.637888,720.0,0.0,0.04139108699311812
32,4,14,0.13040375709533691,0.09801506996154785,0.6762454509735107,0.008871316909790039,0.213731050491333,4555.210752,4555.210752,720.0,4.0,0.04462515554080407
32,4,15,0.12937498092651367,0.09560489654541016,0.6729617118835449,0.008816003799438477,0.21573638916015625,4555.603968,4555.603968,720.0,4.0,0.04445052307347456
32,4,16,0.1304774284362793,0.09408879280090332,0.6706507205963135,0.008376121520996094,0.21322989463806152,4556.783616,4556.783616,720.0,2.0,0.04424897566934427
32,4,17,0.12905335426330566,0.09456920623779297,0.46883392333984375,0.01290440559387207,0.213531494140625,4557.176832,4557.176832,720.0,4.0,0.030913736820220947
32,4,18,0.12926888465881348,0.10503840446472168,0.4650290012359619,0.008453607559204102,0.21333098411560059,4557.963264,4557.963264,720.0,4.0,0.03065800571690003
32,4,19,0.12907958030700684,0.0936732292175293,0.46338677406311035,0.008801698684692383,0.21393990516662598,4558.35648,4558.35648,720.0,4.0,0.030544911523660023
32,4,20,0.12923860549926758,0.09367585182189941,0.46159791946411133,0.008126974105834961,0.21274065971374512,4549.136384,4549.136384,720.0,4.0,0.030441421126325925
32,4,21,0.12877917289733887,0.09379315376281738,0.4619290828704834,0.008630037307739258,0.2133030891418457,4549.136384,4549.5296,720.0,4.0,0.0304632606630524
32,4,22,0.12909936904907227,0.09673070907592773,0.4617316722869873,0.009245872497558594,0.2144780158996582,4549.922816,4549.922816,720.0,4.0,0.0304261933217446
32,4,23,0.1303403377532959,0.09656620025634766,0.46732449531555176,0.009392976760864258,0.2147202491760254,4549.922816,4549.922816,720.0,7.0,0.030775265201926232
32,4,24,0.1289069652557373,0.09340357780456543,0.46515655517578125,0.008715629577636719,0.21292662620544434,4550.316032,4550.316032,720.0,9.0,0.030666414976119993
32,4,25,0.12885618209838867,0.09537839889526367,0.4620811939239502,0.00820302963256836,0.21512985229492188,4550.709248,4550.709248,720.0,10.0,0.030415531920890013
32,4,26,0.13033509254455566,0.09343695640563965,0.4558255672454834,0.009816646575927734,0.2150261402130127,4551.102464,4551.102464,720.0,11.0,0.030008516510327658
32,4,27,0.1287674903869629,0.09726166725158691,0.47703099250793457,0.008669376373291016,0.21501374244689941,4551.102464,4551.102464,720.0,11.0,0.031414478485782944
32,4,28,0.13033366203308105,0.09551310539245605,0.4730565547943115,0.009104013442993164,0.21525287628173828,4551.49568,4551.49568,720.0,11.0,0.03114781752973795
32,4,29,0.12923979759216309,0.09746241569519043,0.4850602149963379,0.009080171585083008,0.2151029109954834,4551.49568,4551.49568,720.0,11.0,0.03200892147918542
32,4,30,0.1288301944732666,0.09397578239440918,0.45801591873168945,0.008427619934082031,0.21294188499450684,4551.888896,4551.888896,720.0,11.0,0.03015748564898968
64,4,1,0.12973952293395996,7.572033405303955,7.620601415634155,10.868776559829712,0.4743835926055908,4599.86944,4599.86944,722.0,1.0,0.25056696217134594
64,4,2,0.13148713111877441,0.19818997383117676,0.5573394298553467,0.011678218841552734,0.2124929428100586,4974.424064,4974.81728,722.0,8.0,0.018319630946964024
64,4,3,0.1293013095855713,0.1852724552154541,0.55448317527771,0.009067773818969727,0.21251511573791504,4977.569792,4977.569792,722.0,17.0,0.01871091923241814
64,4,4,0.12915515899658203,0.18213558197021484,0.5580320358276367,0.008537769317626953,0.21298575401306152,4979.929088,4979.929088,722.0,16.0,0.018354022428393364
64,4,5,0.1288771629333496,0.19367098808288574,0.5692143440246582,0.008780241012573242,0.21257710456848145,4981.108736,4981.108736,722.0,8.0,0.018736638824145
64,4,6,0.12882375717163086,0.18813562393188477,0.5630805492401123,0.010458707809448242,0.21316099166870117,4982.6816,4982.6816,722.0,10.0,0.018898390933871266
64,4,7,0.1293773651123047,0.19608688354492188,0.5753600597381592,0.009391546249389648,0.21424508094787598,4986.61376,4986.61376,722.0,20.0,0.018965905302514633
64,4,8,0.12922310829162598,0.18797826766967773,0.5659048557281494,0.009163379669189453,0.21324467658996582,4987.793408,4987.793408,722.0,8.0,0.018648333448916678
64,4,9,0.12969231605529785,0.18668770790100098,0.5645902156829834,0.008214712142944336,0.21312642097473145,4989.366272,4989.366272,722.0,8.0,0.018593249655018247
64,4,10,0.1289377212524414,0.18725347518920898,0.5550267696380615,0.008750200271606445,0.21280717849731445,4989.366272,4989.366272,722.0,17.0,0.01888825475424528
64,4,11,0.1292555332183838,0.184051513671875,0.5586686134338379,0.00838470458984375,0.21314692497253418,4994.871296,4994.871296,722.0,16.0,0.0183895085255305
64,4,12,0.12946224212646484,0.18756341934204102,0.5665888786315918,0.008690595626831055,0.21253371238708496,4995.657728,4995.657728,722.0,8.0,0.01871218791355689
64,4,13,0.13118648529052734,0.18877220153808594,0.563561201095581,0.00855565071105957,0.21362709999084473,4996.050944,4996.050944,722.0,11.0,0.018852883305400612
64,4,14,0.12908267974853516,0.19437026977539062,0.5778501033782959,0.008263587951660156,0.21310091018676758,4996.050944,4996.050944,722.0,20.0,0.01903895705193281
64,4,15,0.12913179397583008,0.1859893798828125,0.556445837020874,0.010111093521118164,0.214583158493042,4996.44416,4996.44416,722.0,7.0,0.0187800469994545
64,4,16,0.12904930114746094,0.1823279857635498,0.5659894943237305,0.00925445556640625,0.21329331398010254,4997.230592,4997.230592,722.0,8.0,0.01868060117463271
64,4,17,0.12898874282836914,0.18227410316467285,0.5550477504730225,0.00903177261352539,0.21210861206054688,4997.623808,4997.623808,722.0,17.0,0.01918383787572384
64,4,18,0.1291031837463379,0.19125771522521973,0.5717785358428955,0.008762836456298828,0.212477445602417,4998.017024,4998.017024,722.0,16.0,0.018850823603570464
64,4,19,0.1288149356842041,0.19273591041564941,0.5611495971679688,0.008784770965576172,0.2131187915802002,4998.803456,4998.803456,722.0,8.0,0.018515014052391053
64,4,20,0.12913846969604492,0.19987845420837402,0.573699951171875,0.009824991226196289,0.21317124366760254,5005.488128,5005.488128,722.0,12.0,0.018926122347513837
64,4,21,0.12965655326843262,0.19860601425170898,0.5683748722076416,0.008718729019165039,0.21335101127624512,5005.881344,5005.881344,722.0,17.0,0.0189547099309663
64,4,22,0.12923598289489746,0.19335293769836426,0.567655086517334,0.009405136108398438,0.21317315101623535,5005.881344,5006.27456,722.0,8.0,0.01870305248598258
64,4,23,0.12958264350891113,0.19101953506469727,0.5673050880432129,0.009207963943481445,0.2135603427886963,5006.27456,5006.27456,722.0,11.0,0.018972218595445157
64,4,24,0.12963438034057617,0.18978047370910645,0.5692436695098877,0.008650779724121094,0.21434974670410156,5006.27456,5006.27456,722.0,20.0,0.018764287418375415
64,4,25,0.13139700889587402,0.18766117095947266,0.564561128616333,0.008380413055419922,0.21413183212280273,5008.633856,5008.633856,722.0,7.0,0.019133329499512908
64,4,26,0.13030052185058594,0.19147324562072754,0.5730681419372559,0.008595943450927734,0.21477007865905762,5009.027072,5009.027072,722.0,8.0,0.018866477735340597
64,4,27,0.13138580322265625,0.19103240966796875,0.5537943840026855,0.009675741195678711,0.2160336971282959,5009.813504,5009.813504,722.0,17.0,0.01885785251359145
64,4,28,0.1305522918701172,0.1797041893005371,0.5586552619934082,0.010006189346313477,0.21407818794250488,5009.813504,5009.813504,722.0,17.0,0.018415256006022295
64,4,29,0.13030600547790527,0.1925814151763916,0.5627450942993164,0.009212970733642578,0.21428227424621582,5010.599936,5010.599936,722.0,7.0,0.01862920739253362
64,4,30,0.13010120391845703,0.18837428092956543,0.5637233257293701,0.00917816162109375,0.2130117416381836,5011.386368,5011.386368,722.0,11.0,0.018787841465324164
128,4,1,0.1304028034210205,7.850247859954834,7.91083288192749,12.513052701950073,0.4672696590423584,5090.152448,5090.152448,724.0,1.0,0.13431934997439385
128,4,2,0.13382649421691895,0.40337252616882324,0.7271542549133301,0.014749765396118164,0.2158203125,5510.41024,5510.41024,724.0,12.0,0.013281926937401295
128,4,3,0.13083553314208984,0.39081907272338867,0.7285611629486084,0.009711980819702148,0.21515202522277832,5512.37632,5512.37632,724.0,12.0,0.012307750687624018
128,4,4,0.13108086585998535,0.37822771072387695,0.7500438690185547,0.010370254516601562,0.21445655822753906,5514.3424,5514.3424,724.0,23.0,0.014481315741936366
128,4,5,0.1310901641845703,0.38837385177612305,0.7286767959594727,0.009959697723388672,0.21755003929138184,5515.128832,5515.128832,724.0,12.0,0.01241217427700758
128,4,6,0.13256001472473145,0.366318941116333,0.7186338901519775,0.009888887405395508,0.21441984176635742,5515.522048,5515.522048,724.0,11.0,0.013614743622019887
128,4,7,0.13089466094970703,0.3624706268310547,0.721961498260498,0.009532451629638672,0.21663188934326172,5516.30848,5516.30848,724.0,4.0,0.013403290419528884
128,4,8,0.13276958465576172,0.3632698059082031,0.7097985744476318,0.009629249572753906,0.21481800079345703,5517.094912,5517.094912,724.0,13.0,0.015245881880323092
128,4,9,0.13060736656188965,0.36745238304138184,0.7161943912506104,0.009925603866577148,0.21654796600341797,5517.881344,5517.881344,724.0,11.0,0.01422317298874259
128,4,10,0.13070988655090332,0.36501550674438477,0.711381196975708,0.009161710739135742,0.21445679664611816,5517.881344,5517.881344,724.0,25.0,0.013690382931381466
128,4,11,0.1305375099182129,0.36661243438720703,0.7169430255889893,0.012540340423583984,0.21430182456970215,5518.667776,5518.667776,724.0,12.0,0.013043135356158019
128,4,12,0.1290454864501953,0.3764190673828125,0.6989667415618896,0.009756803512573242,0.21382999420166016,5519.847424,5519.847424,724.0,11.0,0.014625515022004643
128,4,13,0.12908005714416504,0.37114453315734863,0.7290000915527344,0.009448766708374023,0.21292519569396973,5519.847424,5519.847424,724.0,25.0,0.014234486162662508
128,4,14,0.12902402877807617,0.3697199821472168,0.7243211269378662,0.00946187973022461,0.21237730979919434,5520.24064,5520.24064,724.0,12.0,0.012566217051198087
128,4,15,0.12905526161193848,0.3840148448944092,0.7138774394989014,0.009670495986938477,0.21421408653259277,5521.420288,5521.420288,724.0,11.0,0.013781180882826448
128,4,16,0.12937164306640625,0.36571550369262695,0.7013778686523438,0.009374141693115234,0.21309757232666016,5521.420288,5521.420288,724.0,4.0,0.013125263969103495
128,4,17,0.12939929962158203,0.3599064350128174,0.7169914245605469,0.009374856948852539,0.21377992630004883,5521.813504,5521.813504,724.0,12.0,0.013374504099289575
128,4,18,0.1299142837524414,0.36519646644592285,0.7158803939819336,0.009235620498657227,0.21255731582641602,5524.959232,5524.959232,724.0,11.0,0.015260929440458615
128,4,19,0.12914538383483887,0.3632190227508545,0.7198703289031982,0.009955883026123047,0.2155904769897461,5525.352448,5525.352448,724.0,24.0,0.014882944117610653
128,4,20,0.13077807426452637,0.3723931312561035,0.7331414222717285,0.011768102645874023,0.21307706832885742,5526.13888,5526.13888,724.0,12.0,0.013620392985641957
128,4,21,0.12908220291137695,0.36658573150634766,0.7164959907531738,0.008584737777709961,0.21285629272460938,5526.532096,5526.532096,724.0,11.0,0.0155240797996521
128,4,22,0.1290450096130371,0.3705465793609619,0.7193803787231445,0.009787797927856445,0.2137434482574463,5527.711744,5527.711744,724.0,23.0,0.014627401034037273
128,4,23,0.12916231155395508,0.3700833320617676,0.7277939319610596,0.009864568710327148,0.2125380039215088,5527.711744,5527.711744,724.0,11.0,0.013756063432743153
128,4,24,0.12911272048950195,0.37409496307373047,0.7218608856201172,0.01041102409362793,0.21224236488342285,5527.711744,5528.10496,724.0,11.0,0.013643922676642736
128,4,25,0.13075852394104004,0.3945958614349365,0.7448041439056396,0.010348796844482422,0.21672272682189941,5528.10496,5528.498176,724.0,23.0,0.013297857319315274
128,4,26,0.12955975532531738,0.3701517581939697,0.728053092956543,0.009677648544311523,0.2155437469482422,5529.677824,5529.677824,724.0,15.0,0.015065390303730964
128,4,27,0.13128185272216797,0.36987853050231934,0.7263422012329102,0.010030746459960938,0.2158658504486084,5529.677824,5529.677824,724.0,12.0,0.013412741012871265
128,4,28,0.1322016716003418,0.36852169036865234,0.7113823890686035,0.009305715560913086,0.21446537971496582,5530.464256,5530.464256,724.0,5.0,0.015229881824304658
128,4,29,0.13056659698486328,0.3699483871459961,0.708254337310791,0.009878158569335938,0.21553730964660645,5539.90144,5539.90144,724.0,16.0,0.014438059772054356
128,4,30,0.13007521629333496,0.37485671043395996,0.7206861972808838,0.01088094711303711,0.21228623390197754,5540.294656,5540.294656,724.0,11.0,0.014393079288924733
256,4,1,0.1368546485900879,8.162615776062012,8.440145254135132,15.465089321136475,0.4634730815887451,5589.467136,5589.467136,726.0,1.0,0.09254487393889575
256,4,2,0.14039230346679688,0.7176787853240967,1.0515925884246826,0.015403270721435547,0.21584415435791016,6052.057088,6052.057088,726.0,21.0,0.011588057390414179
256,4,3,0.13721275329589844,0.6873319149017334,1.0410125255584717,0.011166572570800781,0.21357369422912598,6055.989248,6055.989248,726.0,3.0,0.011472825542092325
256,4,4,0.13686871528625488,0.6601078510284424,1.0470161437988281,0.0165555477142334,0.2154676914215088,6056.77568,6056.77568,726.0,13.0,0.01151854088405768
256,4,5,0.1379990577697754,0.6640825271606445,1.041177749633789,0.010622024536132812,0.21422243118286133,6057.955328,6057.955328,726.0,21.0,0.011470579348504543
256,4,6,0.13692879676818848,0.6762375831604004,1.046255350112915,0.010224342346191406,0.21565008163452148,6059.528192,6059.528192,726.0,5.0,0.011522431967779995
256,4,7,0.13821792602539062,0.6896569728851318,1.0354549884796143,0.012211322784423828,0.2183685302734375,6059.921408,6059.921408,726.0,15.0,0.01142371109034866
256,4,8,0.1404275894165039,0.6580126285552979,1.0842347145080566,0.012279510498046875,0.2168409824371338,6060.70784,6060.70784,726.0,21.0,0.011947758318856357
256,4,9,0.13804292678833008,0.7030954360961914,1.0413053035736084,0.010748147964477539,0.21554827690124512,6062.280704,6062.280704,726.0,7.0,0.011470628734678029
256,4,10,0.13781166076660156,0.67376708984375,1.0608243942260742,0.011897087097167969,0.21652460098266602,6062.67392,6062.67392,726.0,17.0,0.01169116884469986
256,4,11,0.13773226737976074,0.70375657081604,1.0613532066345215,0.011802196502685547,0.21365737915039062,6063.460352,6063.460352,726.0,20.0,0.011677649213622014
256,4,12,0.13692116737365723,0.7100074291229248,1.0502490997314453,0.012903690338134766,0.21562981605529785,6064.246784,6064.64,726.0,11.0,0.011575987798472246
256,4,13,0.13744878768920898,0.6486103534698486,1.0404858589172363,0.01100015640258789,0.21424126625061035,6065.033216,6065.033216,726.0,21.0,0.01145347324386239
256,4,14,0.1378488540649414,0.681502103805542,1.0441093444824219,0.010078668594360352,0.21385836601257324,6065.819648,6065.819648,726.0,19.0,0.011501516997814178
256,4,15,0.1369626522064209,0.7043716907501221,1.0432960987091064,0.011019229888916016,0.21689844131469727,6066.999296,6066.999296,726.0,13.0,0.011507501630422969
256,4,16,0.13890957832336426,0.689403772354126,1.041675329208374,0.015658140182495117,0.21555423736572266,6066.999296,6066.999296,726.0,21.0,0.011477417494480809
256,4,17,0.13803458213806152,0.7116420269012451,1.037663459777832,0.01114511489868164,0.21640849113464355,6066.999296,6066.999296,726.0,4.0,0.011450778413563966
256,4,18,0.13704705238342285,0.680980920791626,1.0722603797912598,0.012078523635864258,0.21550202369689941,6067.785728,6067.785728,726.0,15.0,0.011808825901399056
256,4,19,0.1372382640838623,0.6941614151000977,1.0404844284057617,0.015112638473510742,0.21431350708007812,6068.178944,6068.178944,726.0,21.0,0.0115211973687013
256,4,20,0.1379566192626953,0.6909596920013428,1.0389854907989502,0.01188039779663086,0.21808838844299316,6068.178944,6068.178944,726.0,7.0,0.01144642739277333
256,4,21,0.13736915588378906,0.6909770965576172,1.0363202095031738,0.011136531829833984,0.21457457542419434,6068.57216,6068.57216,726.0,20.0,0.011456196065992118
256,4,22,0.13730835914611816,0.6891112327575684,1.051295280456543,0.010987043380737305,0.2144944667816162,6068.965376,6068.965376,726.0,20.0,0.011580674573779105
256,4,23,0.1371622085571289,0.6785299777984619,1.0397748947143555,0.01124262809753418,0.2199842929840088,6069.751808,6069.751808,726.0,10.0,0.01147137068087856
256,4,24,0.13946199417114258,0.6854097843170166,1.0373296737670898,0.010319948196411133,0.2152423858642578,6071.324672,6071.324672,726.0,20.0,0.011455199170857668
256,4,25,0.13732385635375977,0.6868395805358887,1.033440351486206,0.01181793212890625,0.21347379684448242,6071.717888,6071.717888,726.0,20.0,0.011413595131908852
256,4,26,0.13737106323242188,0.6514074802398682,1.040027379989624,0.010916948318481445,0.21409130096435547,6072.111104,6072.111104,726.0,10.0,0.011505302891135214
256,4,27,0.13734102249145508,0.645092248916626,1.040881872177124,0.010323047637939453,0.2145082950592041,6073.683968,6073.683968,726.0,19.0,0.011502557876519858
256,4,28,0.1379084587097168,0.6770284175872803,1.0502383708953857,0.013070821762084961,0.21767759323120117,6074.077184,6074.077184,726.0,20.0,0.011590912020454805
256,4,29,0.1371314525604248,0.6886727809906006,1.0591108798980713,0.013379812240600586,0.21610379219055176,6074.4704,6074.4704,726.0,10.0,0.011680558792625865
256,4,30,0.13839292526245117,0.7172422409057617,1.0319535732269287,0.01065969467163086,0.2144486904144287,6075.256832,6075.256832,726.0,21.0,0.011405236887435118
512,4,1,0.1968841552734375,8.77814269065857,8.979037761688232,21.78768253326416,0.45685553550720215,6095.70816,6095.70816,1238.0,1.0,0.04933794186760983
512,4,2,0.19844532012939453,1.3264198303222656,1.7121632099151611,0.016112089157104492,0.21625018119812012,6632.42752,6632.42752,1238.0,30.0,0.009418012344123174
512,4,3,0.19863510131835938,1.3085403442382812,1.6854252815246582,0.014184713363647461,0.21415948867797852,6636.752896,6636.752896,1238.0,25.0,0.009289590125903488
512,4,4,0.19646692276000977,1.302823543548584,1.6758458614349365,0.011978626251220703,0.21422815322875977,6637.932544,6638.32576,1238.0,15.0,0.009238973147546252
512,4,5,0.19708967208862305,1.3512561321258545,1.725785732269287,0.012926101684570312,0.21640825271606445,6639.112192,6639.112192,1238.0,8.0,0.009498562877997756
512,4,6,0.1970071792602539,1.3166542053222656,1.7004735469818115,0.012797117233276367,0.21386170387268066,6639.505408,6639.505408,1238.0,31.0,0.009354818666664263
512,4,7,0.19742345809936523,1.3641128540039062,1.7541368007659912,0.015357255935668945,0.21607065200805664,6641.471488,6641.471488,1238.0,26.0,0.009656888533383609
512,4,8,0.19700074195861816,1.315885305404663,1.6815094947814941,0.012759208679199219,0.2144310474395752,6642.651136,6642.651136,1238.0,21.0,0.0092603442814822
512,4,9,0.1973247528076172,1.3274898529052734,1.6972682476043701,0.01297616958618164,0.21724224090576172,6642.651136,6644.617216,1238.0,14.0,0.009358180201146753
512,4,10,0.1988523006439209,1.3448853492736816,1.7215418815612793,0.012671470642089844,0.2139744758605957,6645.010432,6645.010432,1238.0,8.0,0.00948417148552835
512,4,11,0.1937570571899414,1.336289405822754,1.7224376201629639,0.012799263000488281,0.21384501457214355,6645.403648,6645.403648,1238.0,30.0,0.009499198620052387
512,4,12,0.1944260597229004,1.3299055099487305,1.7156744003295898,0.012580394744873047,0.2137451171875,6649.729024,6649.729024,1238.0,24.0,0.009461899638796845
512,4,13,0.19722342491149902,1.3468849658966064,1.7066738605499268,0.021002769470214844,0.2144484519958496,6650.12224,6650.12224,1238.0,16.0,0.009437817559577526
512,4,14,0.19693326950073242,1.352858543395996,1.7747414112091064,0.014670133590698242,0.21478652954101562,6650.12224,6650.12224,1238.0,11.0,0.009811916708325347
512,4,15,0.1973729133605957,1.366962194442749,1.7153234481811523,0.014261960983276367,0.21642088890075684,6650.515456,6650.515456,1238.0,6.0,0.00946666462905705
512,4,16,0.19584345817565918,1.3551795482635498,1.7126672267913818,0.012643814086914062,0.2131645679473877,6656.413696,6656.413696,1238.0,31.0,0.009469845545012505
512,4,17,0.19386792182922363,1.3373992443084717,1.7007603645324707,0.013415813446044922,0.21593046188354492,6656.413696,6656.413696,1238.0,24.0,0.009382970917349059
512,4,18,0.1984560489654541,1.3112447261810303,1.7256455421447754,0.013434648513793945,0.21271419525146484,6657.200128,6657.200128,1238.0,15.0,0.009537112634939452
512,4,19,0.1968536376953125,1.345827579498291,1.7078135013580322,0.013510704040527344,0.21672606468200684,6658.379776,6658.379776,1238.0,7.0,0.009476363588590175
512,4,20,0.19538235664367676,1.375260829925537,1.7227776050567627,0.013344287872314453,0.21319150924682617,6659.166208,6659.166208,1238.0,30.0,0.009532478427980095
512,4,21,0.1970195770263672,1.339015245437622,1.7009408473968506,0.012640237808227539,0.2147231101989746,6660.345856,6660.345856,1238.0,25.0,0.009419402895805735
512,4,22,0.19717168807983398,1.2946536540985107,1.6959128379821777,0.01280522346496582,0.21240973472595215,6660.739072,6660.739072,1238.0,18.0,0.009366164456121623
512,4,23,0.19713616371154785,1.298973798751831,1.6834735870361328,0.013471603393554688,0.21401667594909668,6661.132288,6661.132288,1238.0,8.0,0.009297465129444996
512,4,24,0.19879913330078125,1.335820198059082,1.7342593669891357,0.016640186309814453,0.21207380294799805,6661.91872,6662.705152,1238.0,29.0,0.009600525649419676
512,4,25,0.19387340545654297,1.3412938117980957,1.7352724075317383,0.013465166091918945,0.21192693710327148,6663.491584,6663.491584,1238.0,25.0,0.009598225504159926
512,4,26,0.19314861297607422,1.333219051361084,1.705345630645752,0.01435089111328125,0.21365618705749512,6663.491584,6663.491584,1238.0,18.0,0.009432693019509313
512,4,27,0.1935722827911377,1.3167974948883057,1.710920810699463,0.013452291488647461,0.21334362030029297,6663.491584,6663.491584,1238.0,11.0,0.009461302972709138
512,4,28,0.19686293601989746,1.324514627456665,1.6919279098510742,0.012609481811523438,0.21319794654846191,6663.8848,6663.8848,1238.0,30.0,0.009350765642399589
512,4,29,0.19858288764953613,1.3162553310394287,1.6894361972808838,0.01479029655456543,0.21600723266601562,6666.637312,6666.637312,1238.0,24.0,0.009388689700514078
512,4,30,0.19693470001220703,1.3233864307403564,1.7057833671569824,0.01295781135559082,0.21311187744140625,6666.637312,6666.637312,1238.0,16.0,0.009432893177494406
32,5,1,0.20189547538757324,11.101359367370605,10.331115245819092,12.208831787109375,0.4480299949645996,6602.756096,6602.756096,1240.0,1.0,0.6860506217926741
32,5,2,0.20006346702575684,0.11984491348266602,0.4895470142364502,0.010933160781860352,0.21158742904663086,7038.365696,7038.365696,1240.0,15.0,0.03229990404347579
32,5,3,0.20163202285766602,0.11193442344665527,0.4834582805633545,0.009657859802246094,0.21258330345153809,7039.93856,7039.93856,1240.0,16.0,0.03198882289727529
32,5,4,0.201035737991333,0.11433172225952148,0.4805285930633545,0.00942230224609375,0.21295785903930664,7041.511424,7041.511424,1240.0,6.0,0.032210432253777975
32,5,5,0.2015972137451172,0.11481881141662598,0.4938662052154541,0.009652137756347656,0.21249985694885254,7042.297856,7042.297856,1240.0,15.0,0.03264661394059658
32,5,6,0.2013096809387207,0.11166810989379883,0.48748278617858887,0.009377002716064453,0.21217060089111328,7046.230016,7046.230016,1240.0,16.0,0.03221448745330175
32,5,7,0.2014458179473877,0.11200571060180664,0.47336578369140625,0.009186029434204102,0.2126321792602539,7047.409664,7047.409664,1240.0,6.0,0.03180426359176636
32,5,8,0.20132803916931152,0.11152410507202148,0.4828040599822998,0.00912022590637207,0.21253347396850586,7049.375744,7049.375744,1240.0,14.0,0.031870097167789935
32,5,9,0.20151758193969727,0.11153197288513184,0.47727513313293457,0.009479999542236328,0.2127373218536377,7049.76896,7049.76896,1240.0,17.0,0.03141066969931126
32,5,10,0.2015378475189209,0.1146547794342041,0.48779773712158203,0.012340784072875977,0.21286940574645996,7050.555392,7050.555392,1240.0,6.0,0.03214891961216927
32,5,11,0.20051980018615723,0.11221027374267578,0.48323559761047363,0.008822202682495117,0.21161437034606934,7056.846848,7056.846848,1240.0,14.0,0.03184824610501528
32,5,12,0.20026421546936035,0.11312627792358398,0.4872016906738281,0.010029792785644531,0.21260547637939453,7057.240064,7057.240064,1240.0,17.0,0.03274908864498138
32,5,13,0.2005765438079834,0.1110239028930664,0.4762234687805176,0.008690834045410156,0.21166348457336426,7057.240064,7057.240064,1240.0,6.0,0.03168870331843694
32,5,14,0.20040512084960938,0.11167788505554199,0.4770817756652832,0.009225606918334961,0.21204924583435059,7058.026496,7058.026496,1240.0,14.0,0.031537093212207164
32,5,15,0.2015540599822998,0.11193704605102539,0.47919750213623047,0.009300470352172852,0.21171855926513672,7059.206144,7059.206144,1240.0,17.0,0.03210623264312744
32,5,16,0.2008988857269287,0.11089134216308594,0.48503851890563965,0.009513139724731445,0.2125110626220703,7060.385792,7060.385792,1240.0,6.0,0.032022647216916084
32,5,17,0.2007124423980713,0.11167740821838379,0.48213815689086914,0.0086517333984375,0.2118206024169922,7060.779008,7060.779008,1240.0,12.0,0.03176085108518601
32,5,18,0.20161676406860352,0.11065363883972168,0.48148250579833984,0.009490251541137695,0.21309661865234375,7060.779008,7060.779008,1240.0,17.0,0.031737721840540564
32,5,19,0.20077872276306152,0.11283493041992188,0.4835014343261719,0.009381294250488281,0.21281147003173828,7061.56544,7062.351872,1240.0,6.0,0.03188591229915619
32,5,20,0.20168113708496094,0.10986185073852539,0.48087048530578613,0.008640289306640625,0.21300029754638672,7062.745088,7062.745088,1240.0,8.0,0.031912769394616285
32,5,21,0.20168066024780273,0.11198663711547852,0.48233699798583984,0.008999824523925781,0.2130897045135498,7063.138304,7063.138304,1240.0,17.0,0.031773949742317203
32,5,22,0.2016313076019287,0.11495304107666016,0.4940636157989502,0.009300947189331055,0.21261906623840332,7063.138304,7063.138304,1240.0,6.0,0.032752300530672074
32,5,23,0.20169830322265625,0.11162018775939941,0.484666109085083,0.008814096450805664,0.21290993690490723,7063.924736,7063.924736,1240.0,7.0,0.03192233133067687
32,5,24,0.20146679878234863,0.11338353157043457,0.5126304626464844,0.008889198303222656,0.2131943702697754,7064.317952,7064.317952,1240.0,17.0,0.03386564993858337
32,5,25,0.20178723335266113,0.11049127578735352,0.4735243320465088,0.008371591567993164,0.2126295566558838,7064.711168,7064.711168,1240.0,6.0,0.03159788407385349
32,5,26,0.20047998428344727,0.11227154731750488,0.4856135845184326,0.008641481399536133,0.21318316459655762,7064.711168,7064.711168,1240.0,6.0,0.03205049657821655
32,5,27,0.20192551612854004,0.1112360954284668,0.4849686622619629,0.008707761764526367,0.21263456344604492,7065.104384,7065.104384,1240.0,17.0,0.0319877246816953
32,5,28,0.2017350196838379,0.11187624931335449,0.48270535469055176,0.009524106979370117,0.21294188499450684,7065.4976,7065.4976,1240.0,5.0,0.0318736379519105
32,5,29,0.2016279697418213,0.11181473731994629,0.4833848476409912,0.008600711822509766,0.21187210083007812,7065.4976,7065.4976,1240.0,6.0,0.031868153132498266
32,5,30,0.2015533447265625,0.11217355728149414,0.4810311794281006,0.008960247039794922,0.2127089500427246,7065.890816,7065.890816,1240.0,16.0,0.03196351972470681
64,5,1,0.2107841968536377,9.412271976470947,9.506750345230103,14.666184902191162,0.46263933181762695,7100.981248,7100.981248,1242.0,1.0,0.31684216384962205
64,5,2,0.20785927772521973,0.22475290298461914,0.5641374588012695,0.012390375137329102,0.21265149116516113,7517.814784,7517.814784,1242.0,27.0,0.024681013822555543
64,5,3,0.20691943168640137,0.19790983200073242,0.5792815685272217,0.009480714797973633,0.2127230167388916,7523.319808,7523.319808,1242.0,11.0,0.020238649800419804
64,5,4,0.20641088485717773,0.2137913703918457,0.5547628402709961,0.010413408279418945,0.21191048622131348,7524.10624,7524.10624,1242.0,24.0,0.02422464402516683
64,5,5,0.2097625732421875,0.2190258502960205,0.5535011291503906,0.008828878402709961,0.2120654582977295,7525.285888,7525.285888,1242.0,13.0,0.02423585412899653
64,5,6,0.20667386054992676,0.19650888442993164,0.5714337825775146,0.010388374328613281,0.21458935737609863,7525.679104,7525.679104,1242.0,9.0,0.01964006005848447
64,5,7,0.2096855640411377,0.2175607681274414,0.568605899810791,0.009989261627197266,0.21330976486206055,7526.465536,7526.465536,1242.0,19.0,0.01948659802476565
64,5,8,0.2097475528717041,0.21308326721191406,0.5551989078521729,0.009186744689941406,0.21500468254089355,7526.858752,7527.251968,1242.0,9.0,0.023766561581442754
64,5,9,0.20980429649353027,0.22286605834960938,0.5569868087768555,0.009034872055053711,0.21515488624572754,7527.645184,7527.645184,1242.0,24.0,0.024365271911025048
64,5,10,0.20980286598205566,0.2035512924194336,0.5600407123565674,0.008991241455078125,0.21293997764587402,7527.645184,7527.645184,1242.0,9.0,0.021692826967686415
64,5,11,0.2076740264892578,0.21669936180114746,0.5778660774230957,0.010124921798706055,0.21578025817871094,7528.431616,7528.431616,1242.0,28.0,0.01947890235980352
64,5,12,0.20981383323669434,0.21532940864562988,0.5662045478820801,0.008670806884765625,0.214646577835083,7529.218048,7529.218048,1242.0,10.0,0.019354168998698393
64,5,13,0.2112903594970703,0.21237492561340332,0.5529186725616455,0.008878707885742188,0.21514606475830078,7529.218048,7529.218048,1242.0,24.0,0.024247787619630496
64,5,14,0.2100696563720703,0.21856260299682617,0.5533442497253418,0.009097576141357422,0.21529412269592285,7530.00448,7530.00448,1242.0,14.0,0.024231866935888927
64,5,15,0.2100231647491455,0.20651721954345703,0.5584220886230469,0.008915185928344727,0.21543073654174805,7530.00448,7530.00448,1242.0,9.0,0.024247734129428867
64,5,16,0.20988988876342773,0.21998882293701172,0.5769963264465332,0.0089569091796875,0.2149641513824463,7530.790912,7530.790912,1242.0,19.0,0.020215907750030356
64,5,17,0.20993494987487793,0.2114264965057373,0.5638957023620605,0.009053945541381836,0.2149498462677002,7530.790912,7530.790912,1242.0,10.0,0.019909630032877126
64,5,18,0.20996546745300293,0.21459436416625977,0.5604434013366699,0.009135723114013672,0.21541976928710938,7531.577344,7531.577344,1242.0,25.0,0.024618643994132678
64,5,19,0.2099926471710205,0.22129607200622559,0.5586369037628174,0.009176254272460938,0.21501708030700684,7531.577344,7531.577344,1242.0,9.0,0.02451019415259361
64,5,20,0.20966649055480957,0.22803640365600586,0.5555672645568848,0.008644819259643555,0.21631193161010742,7531.97056,7531.97056,1242.0,26.0,0.024366832993924614
64,5,21,0.2097184658050537,0.22852683067321777,0.5657327175140381,0.009411334991455078,0.21521759033203125,7532.756992,7532.756992,1242.0,11.0,0.02107943677653869
64,5,22,0.20975399017333984,0.2108595371246338,0.5661721229553223,0.00904703140258789,0.21517467498779297,7533.543424,7533.543424,1242.0,8.0,0.01920267117023468
64,5,23,0.20969939231872559,0.219404935836792,0.5848901271820068,0.010096549987792969,0.21345257759094238,7533.543424,7533.93664,1242.0,21.0,0.019709578764935336
64,5,24,0.2077188491821289,0.22144293785095215,0.5659952163696289,0.009106636047363281,0.21288371086120605,7534.329856,7534.723072,1242.0,10.0,0.02043183773259322
64,5,25,0.20751452445983887,0.21732139587402344,0.5549092292785645,0.009353160858154297,0.213287353515625,7534.723072,7534.723072,1242.0,24.0,0.024387104565898578
64,5,26,0.20749521255493164,0.20439839363098145,0.5706079006195068,0.010338783264160156,0.21372699737548828,7534.723072,7535.116288,1242.0,10.0,0.021079801245282095
64,5,27,0.2096858024597168,0.21845316886901855,0.5613596439361572,0.00899195671081543,0.2152700424194336,7535.116288,7535.116288,1242.0,29.0,0.021045139151314896
64,5,28,0.21036934852600098,0.2142479419708252,0.568662166595459,0.008781671524047852,0.21375155448913574,7535.116288,7535.116288,1242.0,10.0,0.019156806737184524
64,5,29,0.20766687393188477,0.2113349437713623,0.5565185546875,0.00923466682434082,0.2128281593322754,7535.509504,7535.509504,1242.0,24.0,0.024449135462443032
64,5,30,0.20764493942260742,0.22021818161010742,0.5574445724487305,0.0089569091796875,0.21505427360534668,7535.90272,7535.90272,1242.0,11.0,0.024542077973484993
128,5,1,0.20595288276672363,9.713222026824951,9.778676986694336,15.705665826797485,0.4547116756439209,7579.62752,7579.62752,1244.0,1.0,0.2152836855351925
128,5,2,0.20607447624206543,0.4128446578979492,0.7290785312652588,0.013553142547607422,0.21309423446655273,8022.71232,8022.71232,1244.0,28.0,0.016079599170014263
128,5,3,0.2037348747253418,0.3936171531677246,0.7236921787261963,0.009819269180297852,0.21247410774230957,8025.858048,8025.858048,1244.0,23.0,0.015926881777122617
128,5,4,0.20221829414367676,0.3795344829559326,0.7234776020050049,0.011185884475708008,0.2143712043762207,8027.430912,8027.430912,1244.0,18.0,0.0159334637504071
128,5,5,0.20149779319763184,0.3986036777496338,0.7254283428192139,0.010977506637573242,0.21227073669433594,8028.61056,8028.61056,1244.0,17.0,0.01598020404142638
128,5,6,0.2026081085205078,0.3795909881591797,0.7377121448516846,0.009848356246948242,0.21214962005615234,8030.183424,8030.183424,1244.0,17.0,0.016231588312114277
128,5,7,0.20371246337890625,0.39637327194213867,0.746690034866333,0.010916709899902344,0.21326565742492676,8030.183424,8030.183424,1244.0,17.0,0.01643495878825585
128,5,8,0.2044084072113037,0.3986222743988037,0.737680196762085,0.010409355163574219,0.21351051330566406,8030.969856,8030.969856,1244.0,17.0,0.016474857727686566
128,5,9,0.20163202285766602,0.38873720169067383,0.7250351905822754,0.01160287857055664,0.21160244941711426,8031.756288,8031.756288,1244.0,17.0,0.016039515479157367
128,5,10,0.202500581741333,0.40897035598754883,0.7296040058135986,0.010977029800415039,0.21335220336914062,8032.149504,8032.149504,1244.0,15.0,0.01608738832610349
128,5,11,0.20255017280578613,0.3994126319885254,0.7391383647918701,0.010851621627807617,0.21264314651489258,8032.935936,8032.935936,1244.0,14.0,0.016347661802545193
128,5,12,0.20153594017028809,0.3946089744567871,0.7222855091094971,0.011201143264770508,0.2116689682006836,8033.329152,8033.329152,1244.0,12.0,0.015980566889047622
128,5,13,0.2010047435760498,0.38510656356811523,0.7364373207092285,0.010289430618286133,0.21300530433654785,8034.115584,8034.115584,1244.0,7.0,0.016251483999192715
128,5,14,0.20220136642456055,0.3952503204345703,0.7313859462738037,0.009981632232666016,0.2115483283996582,8034.902016,8034.902016,1244.0,32.0,0.016160962901388604
128,5,15,0.20142889022827148,0.38224005699157715,0.7317700386047363,0.010067939758300781,0.2115943431854248,8035.295232,8035.295232,1244.0,29.0,0.01616373298813899
128,5,16,0.20443272590637207,0.39345240592956543,0.7305347919464111,0.011488199234008789,0.2142953872680664,8036.081664,8036.081664,1244.0,25.0,0.016168789574876427
128,5,17,0.20061540603637695,0.3934910297393799,0.7399067878723145,0.010282039642333984,0.2129383087158203,8036.081664,8036.47488,1244.0,22.0,0.016349242435147363
128,5,18,0.2016904354095459,0.37572288513183594,0.728015661239624,0.00964665412902832,0.21251606941223145,8036.47488,8036.868096,1244.0,17.0,0.01610165888257325
128,5,19,0.2015376091003418,0.387286901473999,0.7499833106994629,0.010504484176635742,0.21140313148498535,8036.868096,8036.868096,1244.0,17.0,0.016583615341534217
128,5,20,0.2003476619720459,0.37818264961242676,0.7344911098480225,0.009712696075439453,0.21121764183044434,8037.654528,8037.654528,1244.0,17.0,0.016353903617709876
128,5,21,0.2005922794342041,0.3935673236846924,0.7251315116882324,0.009877681732177734,0.21233701705932617,8037.654528,8038.047744,1244.0,17.0,0.01604542305941383
128,5,22,0.20037341117858887,0.3787717819213867,0.7297332286834717,0.009485721588134766,0.2112736701965332,8038.047744,8038.047744,1244.0,16.0,0.016175753235816957
128,5,23,0.20334982872009277,0.39424777030944824,0.7242136001586914,0.010907649993896484,0.21184301376342773,8038.047744,8038.047744,1244.0,14.0,0.016049629524350167
128,5,24,0.2004866600036621,0.38557863235473633,0.7284212112426758,0.010629653930664062,0.2115011215209961,8038.44096,8038.44096,1244.0,10.0,0.016169433345397312
128,5,25,0.20318174362182617,0.41509151458740234,0.7494168281555176,0.00999593734741211,0.2140789031982422,8039.227392,8039.227392,1244.0,8.0,0.016571089291324215
128,5,26,0.20225954055786133,0.40538835525512695,0.7259607315063477,0.01037907600402832,0.21250343322753906,8039.620608,8039.620608,1244.0,5.0,0.01609023902565241
128,5,27,0.20162057876586914,0.39603114128112793,0.737727165222168,0.011534690856933594,0.21225976943969727,8039.620608,8039.620608,1244.0,31.0,0.016337582846482596
128,5,28,0.2016911506652832,0.3907754421234131,0.7423348426818848,0.012284994125366211,0.21296453475952148,8040.013824,8040.013824,1244.0,30.0,0.016435757376253603
128,5,29,0.20506930351257324,0.3950190544128418,0.7274374961853027,0.011286020278930664,0.21383357048034668,8040.013824,8040.013824,1244.0,30.0,0.01611728702485561
128,5,30,0.2029097080230713,0.3847382068634033,0.72560715675354,0.009840965270996094,0.21293902397155762,8040.800256,8040.800256,1244.0,26.0,0.016072954362879196
256,5,1,0.2610015869140625,10.044519662857056,10.017663955688477,19.911036252975464,0.4768850803375244,8084.72576,8084.72576,1244.0,1.0,0.11079431984325248
256,5,2,0.2633798122406006,0.7803668975830078,1.0774528980255127,0.016753673553466797,0.2137758731842041,8449.437696,8449.830912,1244.0,31.0,0.011878637614039084
256,5,3,0.2405259609222412,0.7589154243469238,1.0674986839294434,0.012264490127563477,0.21365571022033691,8454.94272,8454.94272,1244.0,17.0,0.011793914496277768
256,5,4,0.2533302307128906,0.7587957382202148,1.0909886360168457,0.012257575988769531,0.21225905418395996,8457.695232,8457.695232,1244.0,29.0,0.01207474401841561
256,5,5,0.24054932594299316,0.7486872673034668,1.0619351863861084,0.011477947235107422,0.21189332008361816,8458.481664,8458.87488,1244.0,34.0,0.011749040727503598
256,5,6,0.2616586685180664,0.7568061351776123,1.0836832523345947,0.013365507125854492,0.21277403831481934,8459.268096,8459.268096,1244.0,25.0,0.01197554656583816
256,5,7,0.24310827255249023,0.7527999877929688,1.0607433319091797,0.012161970138549805,0.21261811256408691,8460.054528,8460.054528,1244.0,11.0,0.011724804875751336
256,5,8,0.26458287239074707,0.7620348930358887,1.080881118774414,0.01256418228149414,0.2153184413909912,8461.234176,8461.234176,1244.0,33.0,0.011969913952052593
256,5,9,0.2649860382080078,0.769089937210083,1.0699114799499512,0.012023687362670898,0.213914155960083,8462.020608,8462.020608,1244.0,34.0,0.011833109519133965
256,5,10,0.2573215961456299,0.760460376739502,1.0933167934417725,0.011725187301635742,0.21372079849243164,8462.80704,8462.80704,1244.0,26.0,0.01209908779617399
256,5,11,0.26386237144470215,0.7557964324951172,1.0697076320648193,0.011752605438232422,0.21310091018676758,8462.80704,8462.80704,1244.0,15.0,0.011843390619071822
256,5,12,0.24038434028625488,0.7608942985534668,1.0701940059661865,0.011791229248046875,0.21241259574890137,8463.593472,8463.593472,1244.0,33.0,0.011890580016809205
256,5,13,0.2640233039855957,0.7569034099578857,1.0707788467407227,0.011619806289672852,0.21230673789978027,8463.986688,8463.986688,1244.0,34.0,0.011873375857869784
256,5,14,0.2487654685974121,0.7684643268585205,1.0944418907165527,0.012068986892700195,0.21231317520141602,8464.77312,8464.77312,1244.0,24.0,0.012120088906958698
256,5,15,0.24109530448913574,0.7551364898681641,1.0706250667572021,0.01172947883605957,0.21219229698181152,8465.166336,8465.166336,1244.0,9.0,0.011895369394061465
256,5,16,0.26320695877075195,0.7605929374694824,1.0699830055236816,0.0118255615234375,0.21232295036315918,8465.559552,8465.559552,1244.0,34.0,0.011861764725297689
256,5,17,0.24190974235534668,0.7633259296417236,1.0666580200195312,0.012162446975708008,0.21474623680114746,8465.952768,8465.952768,1244.0,30.0,0.011865181595087053
256,5,18,0.2648167610168457,0.7535555362701416,1.0667619705200195,0.012201547622680664,0.21400189399719238,8466.7392,8466.7392,1244.0,17.0,0.011895507181684176
256,5,19,0.2509491443634033,0.7587893009185791,1.0691561698913574,0.011821508407592773,0.21472978591918945,8467.132416,8467.525632,1244.0,31.0,0.011887401737893622
256,5,20,0.24088454246520996,0.7582645416259766,1.0666170120239258,0.01221919059753418,0.2135615348815918,8467.525632,8467.525632,1244.0,34.0,0.01192166722814242
256,5,21,0.26263856887817383,0.7525496482849121,1.0664896965026855,0.011063098907470703,0.21396160125732422,8468.312064,8468.70528,1244.0,24.0,0.011904968968903026
256,5,22,0.24078798294067383,0.7580809593200684,1.0683178901672363,0.01108241081237793,0.2124028205871582,8468.70528,8468.70528,1244.0,10.0,0.011940678084890048
256,5,23,0.26486635208129883,0.7617478370666504,1.0777897834777832,0.012295246124267578,0.2129204273223877,8468.70528,8468.70528,1244.0,34.0,0.01206198331899941
256,5,24,0.24219894409179688,0.7553694248199463,1.0743770599365234,0.013667821884155273,0.21310067176818848,8469.491712,8469.491712,1244.0,30.0,0.012023790143430234
256,5,25,0.26463913917541504,0.7694554328918457,1.0740594863891602,0.012120246887207031,0.21320343017578125,8469.491712,8469.491712,1244.0,18.0,0.011997859809547663
256,5,26,0.2638077735900879,0.7608799934387207,1.0757970809936523,0.011423826217651367,0.21328091621398926,8470.278144,8470.67136,1244.0,8.0,0.012029876733819642
256,5,27,0.25439977645874023,0.7629246711730957,1.0854661464691162,0.01315164566040039,0.2137765884399414,8470.67136,8470.67136,1244.0,34.0,0.012154959452648958
256,5,28,0.2403426170349121,0.7657217979431152,1.0816595554351807,0.01349949836730957,0.21403002738952637,8470.67136,8470.67136,1244.0,29.0,0.012137684959297379
256,5,29,0.26894688606262207,0.7621133327484131,1.0756871700286865,0.013036012649536133,0.21347475051879883,8471.064576,8471.064576,1244.0,18.0,0.012027247043016057
256,5,30,0.263486385345459,0.7551872730255127,1.077695369720459,0.012324810028076172,0.21282124519348145,8471.457792,8471.851008,1244.0,10.0,0.012104427420844636
512,5,1,0.39276719093322754,10.871371030807495,10.663132190704346,28.12018322944641,0.46756768226623535,8586.543104,8586.543104,2270.0,2.0,0.05904987136336664
512,5,2,0.4019608497619629,1.5492174625396729,1.766432285308838,0.01955866813659668,0.21447157859802246,9083.301888,9083.301888,2270.0,26.0,0.009738377989580235
512,5,3,0.37964582443237305,1.5222876071929932,1.7513923645019531,0.015234708786010742,0.2147228717803955,9088.413696,9088.413696,2270.0,41.0,0.00966230396926403
512,5,4,0.36800551414489746,1.5034329891204834,1.75384521484375,0.014612913131713867,0.21444106101989746,9089.98656,9089.98656,2270.0,8.0,0.009691821734110513
512,5,5,0.39331769943237305,1.519158124923706,1.7793254852294922,0.015586137771606445,0.21391582489013672,9090.772992,9090.772992,2270.0,27.0,0.009838418845087292
512,5,6,0.3935530185699463,1.5187177658081055,1.7883493900299072,0.014942407608032227,0.21553754806518555,9091.559424,9091.559424,2270.0,47.0,0.009909271913114935
512,5,7,0.39505529403686523,1.5064489841461182,1.7538981437683105,0.015128374099731445,0.21605324745178223,9092.345856,9092.345856,2270.0,16.0,0.009769760753959418
512,5,8,0.3789796829223633,1.5261871814727783,1.7570044994354248,0.01563262939453125,0.21476984024047852,9093.132288,9093.132288,2270.0,32.0,0.009755035397907098
512,5,9,0.36936426162719727,1.5224809646606445,1.7524776458740234,0.01541447639465332,0.21431803703308105,9094.705152,9094.705152,2270.0,47.0,0.009798358087738355
512,5,10,0.3923304080963135,1.5297729969024658,1.769279956817627,0.014756202697753906,0.21405458450317383,9095.491584,9095.491584,2270.0,17.0,0.009893454133532941
512,5,11,0.3937406539916992,1.5208511352539062,1.7753684520721436,0.016438722610473633,0.21468377113342285,9096.278016,9096.278016,2270.0,34.0,0.009965642443858088
512,5,12,0.3886599540710449,1.5450057983398438,1.7740495204925537,0.014809131622314453,0.2155914306640625,9096.671232,9096.671232,2270.0,6.0,0.009985958433710038
512,5,13,0.38515162467956543,1.5165750980377197,1.7785251140594482,0.014919519424438477,0.21416258811950684,9097.457664,9097.457664,2270.0,24.0,0.010014624812174588
512,5,14,0.3694443702697754,1.5079901218414307,1.750626802444458,0.014179229736328125,0.21212553977966309,9098.637312,9098.637312,2270.0,39.0,0.009898563658352939
512,5,15,0.39272499084472656,1.534466028213501,1.7698464393615723,0.01994037628173828,0.21419024467468262,9099.030528,9099.030528,2270.0,8.0,0.009955386221408844
512,5,16,0.39229488372802734,1.5182240009307861,1.7548880577087402,0.01622152328491211,0.21265649795532227,9099.030528,9099.030528,2270.0,27.0,0.009948935681333145
512,5,17,0.39264893531799316,1.5070829391479492,1.753347635269165,0.014376640319824219,0.2119908332824707,9099.030528,9099.030528,2270.0,43.0,0.009964174159026395
512,5,18,0.36989688873291016,1.5166761875152588,1.7685925960540771,0.014763116836547852,0.21426033973693848,9099.423744,9099.423744,2270.0,10.0,0.010205101678924014
512,5,19,0.3931543827056885,1.5183649063110352,1.7499995231628418,0.014997243881225586,0.2144913673400879,9100.210176,9100.210176,2270.0,26.0,0.010065915226005018
512,5,20,0.3844947814941406,1.517017126083374,1.781287431716919,0.015134572982788086,0.21448540687561035,9100.210176,9100.210176,2270.0,43.0,0.010327060273072371
512,5,21,0.37149643898010254,1.5032384395599365,1.7445731163024902,0.015569686889648438,0.2171947956085205,9100.996608,9100.996608,2270.0,10.0,0.010216429154388607
512,5,22,0.3919403553009033,1.5290031433105469,1.7575082778930664,0.015157699584960938,0.21212124824523926,9100.996608,9100.996608,2270.0,26.0,0.010286457954595487
512,5,23,0.3726348876953125,1.5173616409301758,1.7488000392913818,0.015007257461547852,0.21608400344848633,9100.996608,9100.996608,2270.0,41.0,0.010177424186995875
512,5,24,0.39226198196411133,1.53511381149292,1.7615482807159424,0.015654563903808594,0.21245980262756348,9101.389824,9101.389824,2270.0,10.0,0.0102539083189331
512,5,25,0.3918116092681885,1.5265874862670898,1.7646629810333252,0.015920400619506836,0.2117917537689209,9101.389824,9101.78304,2270.0,27.0,0.010270890006795525
512,5,26,0.38796472549438477,1.5204906463623047,1.758650541305542,0.015202522277832031,0.21422338485717773,9101.78304,9101.78304,2270.0,43.0,0.010283983829431236
512,5,27,0.36990809440612793,1.5201871395111084,1.7640721797943115,0.016414403915405273,0.21416974067687988,9101.78304,9101.78304,2270.0,11.0,0.010361627087307474
512,5,28,0.386838436126709,1.5005064010620117,1.7522339820861816,0.014783143997192383,0.2126016616821289,9102.176256,9102.176256,2270.0,28.0,0.010281826094103356
512,5,29,0.39417147636413574,1.5152044296264648,1.7549874782562256,0.014372110366821289,0.21225595474243164,9102.569472,9102.569472,2270.0,46.0,0.010300268304999919
512,5,30,0.37549257278442383,1.5136032104492188,1.7532577514648438,0.014806270599365234,0.211836576461792,9102.962688,9102.962688,2270.0,12.0,0.010308379396796226
32,6,1,0.2906785011291504,11.738283157348633,10.923791646957397,13.390018224716187,0.45128750801086426,9078.21056,9078.21056,2272.0,1.0,0.728366565960149
32,6,2,0.28836488723754883,0.15426993370056152,0.5441796779632568,0.013365507125854492,0.21229290962219238,9490.911232,9490.911232,2272.0,25.0,0.036233296891053514
32,6,3,0.28890228271484375,0.1410360336303711,0.5040881633758545,0.009252548217773438,0.21162962913513184,9493.663744,9493.663744,2272.0,12.0,0.044407016642391675
32,6,4,0.2884504795074463,0.143402099609375,0.5085427761077881,0.009090423583984375,0.21223759651184082,9494.843392,9495.236608,2272.0,7.0,0.04169521032025416
32,6,5,0.2887721061706543,0.13971471786499023,0.5146298408508301,0.00932621955871582,0.21159124374389648,9496.02304,9496.02304,2272.0,23.0,0.03467318552732468
32,6,6,0.2897672653198242,0.14709949493408203,0.5230791568756104,0.009552955627441406,0.2117314338684082,9496.809472,9497.202688,2272.0,9.0,0.035683806233108045
32,6,7,0.28795838356018066,0.14048457145690918,0.5021400451660156,0.00892329216003418,0.2120366096496582,9498.382336,9498.382336,2272.0,7.0,0.04427724460760753
32,6,8,0.2880074977874756,0.14394903182983398,0.5358242988586426,0.010183572769165039,0.21163439750671387,9498.382336,9498.382336,2272.0,22.0,0.03741839687029521
32,6,9,0.2887413501739502,0.14835214614868164,0.5717566013336182,0.009770631790161133,0.21214556694030762,9499.168768,9499.168768,2272.0,9.0,0.037974167605241145
32,6,10,0.28852224349975586,0.14049673080444336,0.5381247997283936,0.00987863540649414,0.21973419189453125,9499.9552,9499.9552,2272.0,7.0,0.04557244397699833
32,6,11,0.2891421318054199,0.14687037467956543,0.508394718170166,0.010174989700317383,0.21169233322143555,9500.741632,9500.741632,2272.0,25.0,0.04112171861032645
32,6,12,0.28904008865356445,0.13989567756652832,0.504265546798706,0.009256362915039062,0.2124021053314209,9501.92128,9501.92128,2272.0,13.0,0.04440688471496105
32,6,13,0.2888956069946289,0.13777852058410645,0.5101211071014404,0.009256601333618164,0.21190285682678223,9502.314496,9502.314496,2272.0,7.0,0.03833878945559264
32,6,14,0.28807544708251953,0.1420753002166748,0.5143940448760986,0.00912618637084961,0.21181797981262207,9502.314496,9502.707712,2272.0,24.0,0.03445368446409702
32,6,15,0.2883470058441162,0.1406404972076416,0.5190141201019287,0.00932931900024414,0.21158647537231445,9502.707712,9502.707712,2272.0,9.0,0.0344657814130187
32,6,16,0.29079365730285645,0.14032244682312012,0.5029139518737793,0.009006738662719727,0.2120819091796875,9503.100928,9503.100928,2272.0,7.0,0.04383209411799908
32,6,17,0.28873181343078613,0.14026713371276855,0.5023036003112793,0.009351491928100586,0.21216630935668945,9503.88736,9503.88736,2272.0,21.0,0.04176968376338482
32,6,18,0.2879667282104492,0.13461065292358398,0.5143227577209473,0.009131669998168945,0.2118840217590332,9503.88736,9503.88736,2272.0,8.0,0.03524182396133741
32,6,19,0.2888500690460205,0.1389327049255371,0.5191671848297119,0.009081363677978516,0.21185517311096191,9504.280576,9504.280576,2272.0,5.0,0.03468144954492648
32,6,20,0.28884220123291016,0.14135313034057617,0.5178594589233398,0.009744405746459961,0.21301484107971191,9504.673792,9504.673792,2272.0,19.0,0.035095767080783845
32,6,21,0.2882688045501709,0.13773703575134277,0.5108463764190674,0.008984804153442383,0.21186161041259766,9505.067008,9505.460224,2272.0,7.0,0.0425013542547822
32,6,22,0.2890472412109375,0.13794183731079102,0.5158486366271973,0.008982419967651367,0.2118699550628662,9505.460224,9505.460224,2272.0,4.0,0.03466932711998621
32,6,23,0.28926897048950195,0.14089345932006836,0.518338680267334,0.009415626525878906,0.21215295791625977,9505.460224,9505.460224,2272.0,20.0,0.03516064047813416
32,6,24,0.2887766361236572,0.140397310256958,0.5300383567810059,0.009172439575195312,0.21198296546936035,9505.85344,9506.246656,2272.0,7.0,0.04415882059931755
32,6,25,0.28916096687316895,0.13861918449401855,0.5160024166107178,0.009553194046020508,0.2122647762298584,9506.246656,9506.246656,2272.0,23.0,0.04288195083041986
32,6,26,0.28980278968811035,0.13793230056762695,0.5227689743041992,0.008890390396118164,0.2119464874267578,9506.639872,9506.639872,2272.0,18.0,0.03510175842046737
32,6,27,0.28945374488830566,0.144026517868042,0.517932653427124,0.00859832763671875,0.2116379737854004,9506.639872,9507.033088,2272.0,8.0,0.034895712524652484
32,6,28,0.2899606227874756,0.141646146774292,0.517223596572876,0.008883476257324219,0.21236944198608398,9507.033088,9507.033088,2272.0,25.0,0.04241772266477347
32,6,29,0.290330171585083,0.14265751838684082,0.5016176700592041,0.009222030639648438,0.21233367919921875,9507.426304,9507.426304,2272.0,13.0,0.04419460680584113
32,6,30,0.2916831970214844,0.1385815143585205,0.5037920475006104,0.009541749954223633,0.21298694610595703,9507.81952,9507.81952,2272.0,7.0,0.04230803632239501
64,6,1,0.29178428649902344,10.21869421005249,10.212836265563965,13.75670862197876,0.4652893543243408,9560.584192,9560.584192,2274.0,0.0,0.4485137259960174
64,6,2,0.29305171966552734,0.2895047664642334,0.6378090381622314,0.014459371566772461,0.2129676342010498,9927.7824,9928.175616,2274.0,30.0,0.028017090770105522
64,6,3,0.28975701332092285,0.27069687843322754,0.6321983337402344,0.010050296783447266,0.21283507347106934,9931.321344,9931.321344,2274.0,28.0,0.027800263186295828
64,6,4,0.28893256187438965,0.2677772045135498,0.6311335563659668,0.012126684188842773,0.21365976333618164,9933.287424,9933.287424,2274.0,24.0,0.02777316363404194
64,6,5,0.28986668586730957,0.26009368896484375,0.6426715850830078,0.009878873825073242,0.21490788459777832,9934.073856,9934.073856,2274.0,20.0,0.028284244239330292
64,6,6,0.29262375831604004,0.26520228385925293,0.6269755363464355,0.010493755340576172,0.21279239654541016,9934.860288,9935.253504,2274.0,17.0,0.027629375067849953
64,6,7,0.2920536994934082,0.26308250427246094,0.6278748512268066,0.011475086212158203,0.2138993740081787,9936.433152,9936.433152,2274.0,13.0,0.027682086539765203
64,6,8,0.2889738082885742,0.2810251712799072,0.6300294399261475,0.00962972640991211,0.221116304397583,9937.219584,9937.219584,2274.0,13.0,0.02773442097008228
64,6,9,0.29347848892211914,0.27051711082458496,0.6455078125,0.010053157806396484,0.21487212181091309,9938.006016,9938.006016,2274.0,13.0,0.028486394246419276
64,6,10,0.29271674156188965,0.2671821117401123,0.6453111171722412,0.00909566879272461,0.21457242965698242,9938.399232,9938.399232,2274.0,13.0,0.02850796299924453
64,6,11,0.2919025421142578,0.26247739791870117,0.6370110511779785,0.010124444961547852,0.2151331901550293,9938.792448,9938.792448,2274.0,13.0,0.02816783241927624
64,6,12,0.2900068759918213,0.2598593235015869,0.6314253807067871,0.01014089584350586,0.2153327465057373,9938.792448,9938.792448,2274.0,13.0,0.027822180837392803
64,6,13,0.2927734851837158,0.25605058670043945,0.6242635250091553,0.010037899017333984,0.21482014656066895,9939.57888,9939.57888,2274.0,13.0,0.027565136276185512
64,6,14,0.29196715354919434,0.26242828369140625,0.6250119209289551,0.009988784790039062,0.21458220481872559,9939.972096,9939.972096,2274.0,13.0,0.02755911938846111
64,6,15,0.29312705993652344,0.25687599182128906,0.6311757564544678,0.0102691650390625,0.21628284454345703,9941.151744,9941.151744,2274.0,13.0,0.027863779748479527
64,6,16,0.29384827613830566,0.25954341888427734,0.6241471767425537,0.010002613067626953,0.2165384292602539,9942.331392,9942.331392,2274.0,12.0,0.027621763337403533
64,6,17,0.29465341567993164,0.26845574378967285,0.6317262649536133,0.009307146072387695,0.21256399154663086,9943.51104,9943.51104,2274.0,9.0,0.027868340959151586
64,6,18,0.2893352508544922,0.26125431060791016,0.6276051998138428,0.010654926300048828,0.21312475204467773,9944.297472,9944.297472,2274.0,33.0,0.027689810664703447
64,6,19,0.2893240451812744,0.2640717029571533,0.6310162544250488,0.009991884231567383,0.21449565887451172,9944.690688,9944.690688,2274.0,33.0,0.02785673839847247
64,6,20,0.2918508052825928,0.27051854133605957,0.6259720325469971,0.00969696044921875,0.21430063247680664,9945.083904,9945.083904,2274.0,30.0,0.02766992000117898
64,6,21,0.29189038276672363,0.2668144702911377,0.6309149265289307,0.009552001953125,0.21265673637390137,9945.47712,9945.47712,2274.0,26.0,0.027881839331239458
64,6,22,0.2908446788787842,0.27433037757873535,0.6388916969299316,0.010116815567016602,0.212860107421875,9945.870336,9945.870336,2274.0,23.0,0.028204406370719273
64,6,23,0.29106736183166504,0.28734350204467773,0.6237614154815674,0.011405229568481445,0.21317672729492188,9946.263552,9946.263552,2274.0,21.0,0.02754946251710256
64,6,24,0.29030489921569824,0.2963285446166992,0.6303725242614746,0.010887861251831055,0.21303343772888184,9947.049984,9947.049984,2274.0,18.0,0.02791368333995342
64,6,25,0.2904624938964844,0.2594926357269287,0.6484510898590088,0.009544134140014648,0.2128159999847412,9947.049984,9947.049984,2274.0,15.0,0.028663564581423998
64,6,26,0.2892639636993408,0.2652430534362793,0.6279642581939697,0.009537458419799805,0.21595239639282227,9947.4432,9947.4432,2274.0,13.0,0.027823395544042187
64,6,27,0.2892420291900635,0.284717321395874,0.6580524444580078,0.010238170623779297,0.214385986328125,9947.4432,9947.4432,2274.0,13.0,0.02903313675522804
64,6,28,0.2893638610839844,0.27524447441101074,0.6230840682983398,0.01022028923034668,0.2128126621246338,9948.229632,9948.229632,2274.0,13.0,0.02751305589079857
64,6,29,0.29038381576538086,0.26426148414611816,0.6299271583557129,0.010363101959228516,0.21308016777038574,9948.622848,9948.622848,2274.0,13.0,0.027864434145390988
64,6,30,0.28994107246398926,0.2557942867279053,0.6239533424377441,0.009663105010986328,0.21299338340759277,9949.40928,9949.40928,2274.0,13.0,0.027590436860919
128,6,1,0.3284432888031006,10.485007286071777,10.467184066772461,16.71304225921631,0.45466113090515137,10050.387968,10050.387968,2276.0,1.0,0.23213161331415175
128,6,2,0.3261988162994385,0.4736673831939697,0.8652727603912354,0.015571355819702148,0.21471309661865234,10515.296256,10515.296256,2276.0,25.0,0.019137399880215525
128,6,3,0.3275742530822754,0.4563939571380615,0.8904335498809814,0.01174783706665039,0.21554994583129883,10519.621632,10519.621632,2276.0,31.0,0.01968229159216086
128,6,4,0.34174156188964844,0.4610023498535156,0.8486218452453613,0.011157035827636719,0.21269965171813965,10521.194496,10521.194496,2276.0,23.0,0.01875144884611169
128,6,5,0.334918737411499,0.45755815505981445,0.8519229888916016,0.011742830276489258,0.21516966819763184,10527.092736,10527.092736,2276.0,26.0,0.018853233228127163
128,6,6,0.330885648727417,0.4490847587585449,0.8703956604003906,0.012714385986328125,0.21398115158081055,10527.485952,10527.485952,2276.0,16.0,0.019277903884649276
128,6,7,0.3284332752227783,0.45526981353759766,0.8536806106567383,0.010812520980834961,0.2126450538635254,10528.272384,10528.272384,2276.0,25.0,0.018876567877829077
128,6,8,0.32663965225219727,0.46037840843200684,0.8522930145263672,0.011102437973022461,0.21246600151062012,10529.058816,10529.058816,2276.0,7.0,0.01885254392027855
128,6,9,0.32656383514404297,0.46854281425476074,0.8645250797271729,0.011514425277709961,0.21398282051086426,10530.238464,10530.238464,2276.0,25.0,0.019163639267285665
128,6,10,0.33179354667663574,0.4866635799407959,0.855116605758667,0.011331558227539062,0.2152724266052246,10530.63168,10530.63168,2276.0,34.0,0.018926135500892997
128,6,11,0.337599515914917,0.46137309074401855,0.8693487644195557,0.011301279067993164,0.21399593353271484,10531.024896,10531.024896,2276.0,24.0,0.019315842859447
128,6,12,0.3295881748199463,0.46780991554260254,0.8582587242126465,0.012123346328735352,0.21443390846252441,10532.204544,10532.204544,2276.0,28.0,0.019013559809575475
128,6,13,0.3271756172180176,0.461322546005249,0.8684544563293457,0.012174844741821289,0.2123875617980957,10532.990976,10532.990976,2276.0,17.0,0.01929597245156765
128,6,14,0.3255317211151123,0.45877766609191895,0.8576586246490479,0.010941505432128906,0.21247053146362305,10533.384192,10533.384192,2276.0,25.0,0.018998031930377086
128,6,15,0.32532215118408203,0.45581769943237305,0.8501572608947754,0.010695219039916992,0.21262669563293457,10533.777408,10533.777408,2276.0,9.0,0.018880575835704804
128,6,16,0.3264613151550293,0.4706246852874756,0.8524055480957031,0.011197566986083984,0.21344757080078125,10533.777408,10533.777408,2276.0,25.0,0.01899044131239255
128,6,17,0.33435559272766113,0.4571995735168457,0.8527717590332031,0.010953664779663086,0.21270489692687988,10538.496,10538.496,2276.0,34.0,0.01888312048713366
128,6,18,0.3414347171783447,0.4570634365081787,0.8612813949584961,0.011226892471313477,0.21252131462097168,10538.889216,10538.889216,2276.0,23.0,0.01918594024082025
128,6,19,0.3348991870880127,0.4957704544067383,0.8761155605316162,0.010959625244140625,0.2143869400024414,10539.282432,10539.282432,2276.0,28.0,0.019470755712439617
128,6,20,0.3295779228210449,0.469632625579834,0.86688232421875,0.012323856353759766,0.2151942253112793,10539.675648,10540.068864,2276.0,20.0,0.019335539340972905
128,6,21,0.33475375175476074,0.4991486072540283,0.8568851947784424,0.011059999465942383,0.2152695655822754,10540.068864,10540.068864,2276.0,29.0,0.019076852943127352
128,6,22,0.326873779296875,0.4606142044067383,0.8557522296905518,0.011232852935791016,0.21249103546142578,10540.855296,10540.855296,2276.0,18.0,0.01904271563204626
128,6,23,0.3258795738220215,0.4610774517059326,0.8645069599151611,0.011197805404663086,0.21439743041992188,10541.248512,10541.248512,2276.0,25.0,0.019244285138944786
128,6,24,0.32718896865844727,0.46549272537231445,0.8528082370758057,0.010599136352539062,0.21241283416748047,10541.641728,10542.034944,2276.0,10.0,0.019108234561979773
128,6,25,0.33227086067199707,0.46660923957824707,0.8663170337677002,0.010918140411376953,0.2128925323486328,10542.034944,10542.034944,2276.0,25.0,0.019300370374694464
128,6,26,0.33895254135131836,0.46733951568603516,0.8571367263793945,0.010655879974365234,0.21399235725402832,10542.034944,10542.034944,2276.0,34.0,0.01912039895355701
128,6,27,0.32744503021240234,0.45381712913513184,0.8752689361572266,0.010587930679321289,0.21411991119384766,10542.034944,10542.42816,2276.0,25.0,0.019875898758570355
128,6,28,0.32915759086608887,0.457500696182251,0.8609216213226318,0.01070713996887207,0.21453213691711426,10542.821376,10542.821376,2276.0,28.0,0.01920258772559464
128,6,29,0.32924723625183105,0.4613008499145508,0.8549504280090332,0.010752201080322266,0.2145087718963623,10543.607808,10543.607808,2276.0,18.0,0.01912061009307702
128,6,30,0.32859182357788086,0.4603090286254883,0.8653590679168701,0.01044154167175293,0.2137312889099121,10544.001024,10544.001024,2276.0,25.0,0.019450297174975276
256,6,1,0.46521449089050293,10.967494249343872,11.003838300704956,22.60392928123474,0.4564688205718994,10549.788672,10549.788672,2278.0,1.0,0.12203084740508348
256,6,2,0.45601654052734375,0.9982073307037354,1.3834517002105713,0.018143177032470703,0.2121727466583252,11027.812352,11027.812352,2278.0,40.0,0.015277413892559709
256,6,3,0.4734494686126709,0.9543352127075195,1.344991683959961,0.01260685920715332,0.21340513229370117,11031.744512,11031.744512,2278.0,19.0,0.014864960173765818
256,6,4,0.45989394187927246,0.9514541625976562,1.3370158672332764,0.01369023323059082,0.21294522285461426,11034.103808,11034.103808,2278.0,47.0,0.014783774406959613
256,6,5,0.45819878578186035,0.9420821666717529,1.354353427886963,0.013291120529174805,0.21226835250854492,11037.249536,11037.642752,2278.0,25.0,0.01498782523907721
256,6,6,0.46190643310546875,0.9433705806732178,1.3465619087219238,0.013374567031860352,0.2120351791381836,11038.429184,11038.429184,2278.0,47.0,0.014934914503246547
256,6,7,0.4684138298034668,0.9558277130126953,1.3538591861724854,0.013462305068969727,0.21607756614685059,11041.181696,11041.181696,2278.0,33.0,0.01502642669652899
256,6,8,0.47159719467163086,0.9595637321472168,1.3530960083007812,0.013032197952270508,0.21429681777954102,11042.361344,11042.361344,2278.0,11.0,0.015063764154911041
256,6,9,0.4732053279876709,0.9618728160858154,1.345008134841919,0.01322793960571289,0.2116384506225586,11043.147776,11043.540992,2278.0,41.0,0.014950956311387322
256,6,10,0.47034192085266113,0.955880880355835,1.3745825290679932,0.013758420944213867,0.2117447853088379,11051.405312,11051.405312,2278.0,23.0,0.01530833902489394
256,6,11,0.4711573123931885,0.955845832824707,1.344860553741455,0.013592720031738281,0.21267223358154297,11051.405312,11051.405312,2278.0,50.0,0.015026365119343002
256,6,12,0.4749913215637207,0.9584755897521973,1.3428289890289307,0.013361454010009766,0.2124805450439453,11056.910336,11056.910336,2278.0,30.0,0.015022899314761163
256,6,13,0.4634885787963867,0.9443347454071045,1.354677438735962,0.013364315032958984,0.21338343620300293,11057.696768,11057.696768,2278.0,8.0,0.015178384583753844
256,6,14,0.4578061103820801,0.9647848606109619,1.349642038345337,0.013247013092041016,0.21229219436645508,11060.842496,11060.842496,2278.0,37.0,0.015185230277789136
256,6,15,0.46161437034606934,0.9587552547454834,1.351400375366211,0.012675046920776367,0.21199655532836914,11061.235712,11061.235712,2278.0,15.0,0.015233168033262091
256,6,16,0.4592130184173584,0.975226640701294,1.3631153106689453,0.013040304183959961,0.2131638526916504,11063.201792,11063.201792,2278.0,47.0,0.01549301243076722
256,6,17,0.45714592933654785,0.9657411575317383,1.348160743713379,0.017812252044677734,0.21266889572143555,11064.38144,11064.38144,2278.0,27.0,0.01533357304210464
256,6,18,0.46062779426574707,0.9557385444641113,1.3465626239776611,0.013083457946777344,0.2130281925201416,11064.774656,11065.561088,2278.0,45.0,0.015369749950245022
256,6,19,0.461472749710083,0.9546141624450684,1.358079195022583,0.01296234130859375,0.211470365524292,11066.34752,11066.34752,2278.0,35.0,0.015464065833948553
256,6,20,0.46216487884521484,0.9675989151000977,1.344895601272583,0.015078544616699219,0.2139589786529541,11066.740736,11066.740736,2278.0,13.0,0.015392750436440112
256,6,21,0.460538387298584,0.9575269222259521,1.3458170890808105,0.013113021850585938,0.21437764167785645,11066.740736,11066.740736,2278.0,46.0,0.01539278295636177
256,6,22,0.46357297897338867,0.9517879486083984,1.360562801361084,0.01458287239074707,0.2145068645477295,11067.133952,11067.133952,2278.0,25.0,0.015386051991954445
256,6,23,0.462404727935791,0.9493656158447266,1.3551316261291504,0.012941122055053711,0.2124779224395752,11067.920384,11067.920384,2278.0,48.0,0.015370509889597695
256,6,24,0.4700641632080078,0.9506268501281738,1.3472692966461182,0.013341903686523438,0.21359777450561523,11068.3136,11068.3136,2278.0,32.0,0.015332205276936293
256,6,25,0.47262096405029297,0.9573123455047607,1.338860034942627,0.013168573379516602,0.2140340805053711,11068.706816,11068.706816,2278.0,11.0,0.015246965970844028
256,6,26,0.47382664680480957,0.9568090438842773,1.3513202667236328,0.012733697891235352,0.21303701400756836,11069.493248,11069.493248,2278.0,42.0,0.015385344286759695
256,6,27,0.47548627853393555,0.9650394916534424,1.3476505279541016,0.012524604797363281,0.21245265007019043,11069.493248,11069.886464,2278.0,21.0,0.015285655923187733
256,6,28,0.462324857711792,0.9571046829223633,1.3504700660705566,0.013094902038574219,0.21286559104919434,11069.886464,11069.886464,2278.0,48.0,0.015398523917421697
256,6,29,0.4591677188873291,0.9678750038146973,1.3505873680114746,0.013353109359741211,0.213792085647583,11070.672896,11070.672896,2278.0,28.0,0.01554758192785084
256,6,30,0.4627418518066406,0.9628264904022217,1.3517382144927979,0.012981891632080078,0.2165076732635498,11070.672896,11070.672896,2278.0,7.0,0.015515068178065122
512,6,1,0.7239465713500977,11.932502508163452,11.980895042419434,33.135557651519775,0.46611475944519043,11034.345472,11034.345472,2278.0,3.0,0.06618352502274016
512,6,2,0.7307593822479248,1.9886016845703125,2.3503453731536865,0.027391433715820312,0.2142636775970459,11555.909632,11555.909632,2278.0,39.0,0.012992696981411426
512,6,3,0.7329814434051514,1.9252088069915771,2.3035202026367188,0.018261194229125977,0.21429443359375,11559.448576,11559.448576,2278.0,33.0,0.0127503442466259
512,6,4,0.7257988452911377,1.9265153408050537,2.316666841506958,0.01872873306274414,0.21516656875610352,11561.02144,11561.02144,2278.0,26.0,0.01283819541335106
512,6,5,0.7256581783294678,1.899177074432373,2.3499865531921387,0.018555641174316406,0.21535420417785645,11562.201088,11562.201088,2278.0,20.0,0.01304732117553552
512,6,6,0.7347476482391357,1.9191608428955078,2.3196775913238525,0.021358489990234375,0.2140672206878662,11563.380736,11563.380736,2278.0,13.0,0.012999859834710756
512,6,7,0.7277817726135254,1.9263732433319092,2.3149924278259277,0.017903566360473633,0.21745538711547852,11564.560384,11564.560384,2278.0,7.0,0.013095683076418936
512,6,8,0.7271530628204346,1.8835511207580566,2.3412108421325684,0.017986059188842773,0.2142484188079834,11565.346816,11565.346816,2278.0,49.0,0.013376605696976185
512,6,9,0.7374143600463867,1.9094789028167725,2.30580472946167,0.01778244972229004,0.21421289443969727,11566.133248,11566.133248,2278.0,42.0,0.013219346645598611
512,6,10,0.7357137203216553,1.9014391899108887,2.3062329292297363,0.018843412399291992,0.21403741836547852,11566.91968,11566.91968,2278.0,32.0,0.013275853880370657
512,6,11,0.7336499691009521,1.9013690948486328,2.3166747093200684,0.017754077911376953,0.2145853042602539,11568.099328,11568.099328,2278.0,23.0,0.013370651886798443
512,6,12,0.7306315898895264,1.902707576751709,2.3342995643615723,0.017189741134643555,0.21452617645263672,11569.278976,11569.278976,2278.0,16.0,0.013615227732496958
512,6,13,0.7242467403411865,1.9016294479370117,2.31459379196167,0.018485307693481445,0.21686935424804688,11570.458624,11570.458624,2278.0,8.0,0.013542483338775734
512,6,14,0.7302219867706299,1.902470588684082,2.3023903369903564,0.01729750633239746,0.21542620658874512,11570.458624,11570.458624,2278.0,49.0,0.013592497119680049
512,6,15,0.7398829460144043,1.905290126800537,2.3416061401367188,0.018647193908691406,0.21437430381774902,11570.85184,11570.85184,2278.0,43.0,0.013857551962137223
512,6,16,0.7290401458740234,1.916670322418213,2.3363499641418457,0.017722606658935547,0.21678924560546875,11571.638272,11571.638272,2278.0,37.0,0.013838614566251635
512,6,17,0.740248441696167,1.9354701042175293,2.340366840362549,0.01867818832397461,0.2142026424407959,11572.031488,11572.424704,2278.0,34.0,0.013952304138801991
512,6,18,0.7288475036621094,1.8960051536560059,2.3281092643737793,0.01743602752685547,0.21558070182800293,11572.81792,11572.81792,2278.0,26.0,0.013806476099727055
512,6,19,0.7241363525390625,1.93660306930542,2.3565049171447754,0.021245479583740234,0.21442270278930664,11573.211136,11573.211136,2278.0,22.0,0.014112948393759627
512,6,20,0.7296319007873535,1.892467737197876,2.324270248413086,0.018540143966674805,0.21549558639526367,11573.604352,11573.604352,2278.0,15.0,0.013898712390412885
512,6,21,0.7257227897644043,1.953495979309082,2.356748580932617,0.020281553268432617,0.21452641487121582,11573.997568,11573.997568,2278.0,11.0,0.014165040949980418
512,6,22,0.7286183834075928,1.9480371475219727,2.3509647846221924,0.01765894889831543,0.21538925170898438,11574.390784,11574.390784,2278.0,11.0,0.01411956389201805
512,6,23,0.7334885597229004,1.9057116508483887,2.3399949073791504,0.017609834671020508,0.21434903144836426,11578.71616,11578.71616,2278.0,6.0,0.014058250654488801
512,6,24,0.7245368957519531,1.9323883056640625,2.3311333656311035,0.01750493049621582,0.2141129970550537,11579.502592,11579.895808,2278.0,50.0,0.0140414361320436
512,6,25,0.7402057647705078,1.905989170074463,2.3313746452331543,0.01799321174621582,0.21425533294677734,11579.895808,11579.895808,2278.0,43.0,0.013951820142567158
512,6,26,0.7308995723724365,1.8980584144592285,2.3367655277252197,0.01828932762145996,0.21419262886047363,11583.041536,11583.041536,2278.0,36.0,0.0139627825608477
512,6,27,0.7317399978637695,1.9168555736541748,2.328263521194458,0.018250465393066406,0.21694564819335938,11583.827968,11588.54656,2278.0,28.0,0.013960486347787082
512,6,28,0.7410390377044678,1.9137537479400635,2.343935489654541,0.018028736114501953,0.21429777145385742,11588.939776,11588.939776,2278.0,23.0,0.014110918927627305
512,6,29,0.7310271263122559,1.9172041416168213,2.3383212089538574,0.020423173904418945,0.21410679817199707,11593.265152,11593.265152,2278.0,17.0,0.014098432757891714
512,6,30,0.7256326675415039,1.9091300964355469,2.313537359237671,0.022136211395263672,0.21501994132995605,11593.265152,11593.265152,2278.0,9.0,0.0139926836375768
